,YEAR_MONTH,TAVG,TMAX,TMIN,temp_celsius,month,ref_temp,diff
0,195201,29.47826086956522,33.26315789473684,27.545454545454547,-1.4009661835748792,1.0,-5.356043110084681,3.9550769265098014
1,195301,22.285714285714285,26.304347826086957,14.727272727272727,-5.396825396825397,1.0,-5.356043110084681,-0.0407822867407166
2,195401,19.26923076923077,23.823529411764707,12.066666666666666,-7.072649572649572,1.0,-5.356043110084681,-1.7166064625648918
3,195501,22.14814814814815,27.904761904761905,14.526315789473685,-5.473251028806584,1.0,-5.356043110084681,-0.1172079187219035
4,195601,17.36,22.57894736842105,7.866666666666666,-8.133333333333333,1.0,-5.356043110084681,-2.7772902232486523
5,195701,27.607142857142858,31.36,22.857142857142858,-2.4404761904761902,1.0,-5.356043110084681,2.9155669196084903
6,195801,17.032258064516128,20.615384615384617,11.916666666666666,-8.315412186379929,1.0,-5.356043110084681,-2.959369076295248
7,195901,22.733333333333334,28.258064516129032,16.677419354838708,-5.148148148148148,1.0,-5.356043110084681,0.20789496193653267
8,196001,13.586206896551724,20.06451612903226,7.838709677419355,-10.229885057471265,1.0,-5.356043110084681,-4.873841947386584
9,196101,25.433333333333334,30.193548387096776,19.322580645161292,-3.648148148148148,1.0,-5.356043110084681,1.7078949619365327
10,196201,25.419354838709676,29.774193548387096,19.35483870967742,-3.6559139784946235,1.0,-5.356043110084681,1.700129131590057
11,196301,14.193548387096774,20.677419354838708,6.870967741935484,-9.892473118279568,1.0,-5.356043110084681,-4.536430008194888
12,196401,,31.129032258064516,21.64516129032258,,1.0,-5.356043110084681,
13,196501,,29.774193548387096,21.35483870967742,,1.0,-5.356043110084681,
14,196601,,14.35483870967742,-0.7741935483870968,,1.0,-5.356043110084681,
15,196701,,18.64516129032258,3.935483870967742,,1.0,-5.356043110084681,
16,196801,,11.35483870967742,-1.1935483870967742,,1.0,-5.356043110084681,
17,196901,,20.322580645161292,8.709677419354838,,1.0,-5.356043110084681,
18,197001,,18.967741935483872,7.67741935483871,,1.0,-5.356043110084681,
19,197101,,32.16129032258065,22.64516129032258,,1.0,-5.356043110084681,
20,197201,,21.387096774193548,10.387096774193548,,1.0,-5.356043110084681,
21,197301,28.451612903225808,31.967741935483872,24.903225806451612,-1.971326164874552,1.0,-5.356043110084681,3.384716945210129
22,197401,26.741935483870968,30.258064516129032,22.516129032258064,-2.921146953405018,1.0,-5.356043110084681,2.4348961566796627
23,197501,29.516129032258064,33.96774193548387,24.451612903225808,-1.3799283154121864,1.0,-5.356043110084681,3.976114794672494
24,197601,14.096774193548388,19.774193548387096,6.161290322580645,-9.946236559139784,1.0,-5.356043110084681,-4.5901934490551035
25,197701,20.387096774193548,24.161290322580644,14.64516129032258,-6.451612903225806,1.0,-5.356043110084681,-1.0955697931411255
26,197801,21.548387096774192,26.806451612903224,14.516129032258064,-5.806451612903226,1.0,-5.356043110084681,-0.4504085028185454
27,197901,16.419354838709676,22.322580645161292,8.67741935483871,-8.655913978494622,1.0,-5.356043110084681,-3.2998708684099416
28,198001,16.096774193548388,22.161290322580644,9.387096774193548,-8.835125448028675,1.0,-5.356043110084681,-3.4790823379439946
29,198101,24.612903225806452,29.225806451612904,18.677419354838708,-4.103942652329748,1.0,-5.356043110084681,1.2521004577549322
30,198201,13.35483870967742,19.903225806451612,6.064516129032258,-10.358422939068099,1.0,-5.356043110084681,-5.002379828983418
31,198301,29.193548387096776,33.354838709677416,24.0,-1.5591397849462367,1.0,-5.356043110084681,3.7969033251384436
32,198401,24.096774193548388,28.193548387096776,18.06451612903226,-4.39068100358423,1.0,-5.356043110084681,0.965362106500451
33,198501,4.064516129032258,11.451612903225806,-3.096774193548387,-15.519713261648745,1.0,-5.356043110084681,-10.163670151564064
34,198601,17.774193548387096,22.70967741935484,12.516129032258064,-7.903225806451613,1.0,-5.356043110084681,-2.5471826963669324
35,198701,-0.3548387096774194,6.290322580645161,-6.451612903225806,-17.97491039426523,1.0,-5.356043110084681,-12.61886728418055
36,198801,27.35483870967742,30.93548387096774,23.677419354838708,-2.5806451612903225,1.0,-5.356043110084681,2.775397948794358
37,198901,31.548387096774192,35.516129032258064,26.548387096774192,-0.25089605734767023,1.0,-5.356043110084681,5.10514705273701
38,199001,25.032258064516128,30.741935483870968,18.06451612903226,-3.870967741935484,1.0,-5.356043110084681,1.4850753681491966
39,199101,26.612903225806452,32.193548387096776,19.64516129032258,-2.9928315412186377,1.0,-5.356043110084681,2.363211568866043
40,199201,29.161290322580644,34.61290322580645,22.29032258064516,-1.5770609318996416,1.0,-5.356043110084681,3.7789821781850392
41,199301,28.806451612903224,32.483870967741936,24.193548387096776,-1.7741935483870968,1.0,-5.356043110084681,3.5818495616975836
42,199401,24.838709677419356,28.967741935483872,19.741935483870968,-3.978494623655914,1.0,-5.356043110084681,1.3775484864287666
43,199501,26.322580645161292,30.483870967741936,21.193548387096776,-3.154121863799283,1.0,-5.356043110084681,2.2019212462853974
44,199601,21.032258064516128,24.806451612903224,17.096774193548388,-6.093189964157706,1.0,-5.356043110084681,-0.7371468540730257
45,199701,24.612903225806452,31.096774193548388,16.64516129032258,-4.103942652329749,1.0,-5.356043110084681,1.2521004577549313
46,199801,28.903225806451612,32.064516129032256,25.258064516129032,-1.7204301075268815,1.0,-5.356043110084681,3.635613002557799
47,199901,22.133333333333333,26.032258064516128,16.29032258064516,-5.481481481481481,1.0,-5.356043110084681,-0.12543837139680036
48,200001,27.096774193548388,31.06451612903226,21.322580645161292,-2.7240143369175627,1.0,-5.356043110084681,2.632028773167118
49,200101,28.193548387096776,31.741935483870968,24.93548387096774,-2.1146953405017923,1.0,-5.356043110084681,3.2413477695828883
50,200201,25.677419354838708,30.161290322580644,19.258064516129032,-3.5125448028673834,1.0,-5.356043110084681,1.8434983072172972
51,200301,14.35483870967742,21.032258064516128,7.129032258064516,-9.802867383512543,1.0,-5.356043110084681,-4.446824273427863
52,200401,19.032258064516128,23.741935483870968,14.419354838709678,-7.204301075268818,1.0,-5.356043110084681,-1.8482579651841373
53,200501,30.225806451612904,33.29032258064516,25.70967741935484,-0.9856630824372761,1.0,-5.356043110084681,4.370380027647404
54,200601,23.516129032258064,27.516129032258064,18.419354838709676,-4.71326164874552,1.0,-5.356043110084681,0.6427814613391609
55,200701,27.903225806451612,32.74193548387097,20.93548387096774,-2.2759856630824373,1.0,-5.356043110084681,3.0800574470022433
56,200801,31.612903225806452,34.16129032258065,28.129032258064516,-0.21505376344086025,1.0,-5.356043110084681,5.140989346643821
57,200901,24.838709677419356,29.64516129032258,20.06451612903226,-3.978494623655914,1.0,-5.356043110084681,1.3775484864287666
58,201001,9.387096774193548,15.64516129032258,3.870967741935484,-12.562724014336919,1.0,-5.356043110084681,-7.206680904252238
59,201101,22.193548387096776,27.225806451612904,16.096774193548388,-5.448028673835125,1.0,-5.356043110084681,-0.09198556375044475
60,201201,23.0,27.0,18.387096774193548,-5.0,1.0,-5.356043110084681,0.3560431100846806
61,201301,21.451612903225808,25.580645161290324,16.193548387096776,-5.860215053763441,1.0,-5.356043110084681,-0.5041719436787604
62,201401,18.483870967741936,22.677419354838708,14.612903225806452,-7.508960573476703,1.0,-5.356043110084681,-2.152917463392022
63,201501,28.741935483870968,32.096774193548384,23.677419354838708,-1.810035842293907,1.0,-5.356043110084681,3.546007267790774
64,201601,13.580645161290322,18.612903225806452,8.0,-10.232974910394265,1.0,-5.356043110084681,-4.876931800309585
65,201701,26.8,31.193548387096776,21.70967741935484,-2.888888888888889,1.0,-5.356043110084681,2.4671542211957918
66,195202,24.8,29.142857142857142,17.761904761904763,-4.0,2.0,-5.889872173058014,1.8898721730580137
67,195302,16.40740740740741,23.285714285714285,10.555555555555555,-8.662551440329217,2.0,-5.889872173058014,-2.7726792672712035
68,195402,11.25,17.0,2.8333333333333335,-11.527777777777779,2.0,-5.889872173058014,-5.637905604719765
69,195502,17.125,21.857142857142858,11.047619047619047,-8.26388888888889,2.0,-5.889872173058014,-2.3740167158308756
70,195602,5.809523809523809,14.277777777777779,-5.866666666666666,-14.550264550264549,2.0,-5.889872173058014,-8.660392377206534
71,195702,25.666666666666668,29.157894736842106,20.894736842105264,-3.518518518518518,2.0,-5.889872173058014,2.3713536545394955
72,195802,14.964285714285714,18.916666666666668,9.26086956521739,-9.464285714285714,2.0,-5.889872173058014,-3.5744135412277
73,195902,27.75,33.17857142857143,21.25,-2.361111111111111,2.0,-5.889872173058014,3.5287610619469025
74,196002,15.931034482758621,22.379310344827587,7.310344827586207,-8.927203065134101,2.0,-5.889872173058014,-3.0373308920760875
75,196102,31.357142857142858,35.92857142857143,26.357142857142858,-0.35714285714285715,2.0,-5.889872173058014,5.532729315915157
76,196202,22.642857142857142,27.428571428571427,16.214285714285715,-5.198412698412698,2.0,-5.889872173058014,0.691459474645316
77,196302,12.5,19.75,4.5,-10.833333333333332,2.0,-5.889872173058014,-4.9434611602753185
78,196402,,21.344827586206897,8.241379310344827,,2.0,-5.889872173058014,
79,196502,,23.714285714285715,11.071428571428571,,2.0,-5.889872173058014,
80,196602,,13.428571428571429,2.0714285714285716,,2.0,-5.889872173058014,
81,196702,,26.392857142857142,16.857142857142858,,2.0,-5.889872173058014,
82,196802,,27.586206896551722,16.310344827586206,,2.0,-5.889872173058014,
83,196902,,20.571428571428573,8.642857142857142,,2.0,-5.889872173058014,
84,197002,,17.357142857142858,1.9642857142857142,,2.0,-5.889872173058014,
85,197102,,25.75,15.214285714285714,,2.0,-5.889872173058014,
86,197202,,28.448275862068964,18.655172413793103,,2.0,-5.889872173058014,
87,197302,23.75,29.714285714285715,17.5,-4.583333333333333,2.0,-5.889872173058014,1.3065388397246807
88,197402,31.071428571428573,33.357142857142854,28.678571428571427,-0.5158730158730159,2.0,-5.889872173058014,5.373999157184998
89,197502,26.678571428571427,33.0,19.964285714285715,-2.956349206349206,2.0,-5.889872173058014,2.9335229667088076
90,197602,19.20689655172414,25.137931034482758,11.655172413793103,-7.10727969348659,2.0,-5.889872173058014,-1.2174075204285764
91,197702,15.964285714285714,20.928571428571427,10.357142857142858,-8.908730158730158,2.0,-5.889872173058014,-3.0188579856721445
92,197802,11.5,17.642857142857142,3.892857142857143,-11.388888888888888,2.0,-5.889872173058014,-5.499016715830874
93,197902,14.214285714285714,22.0,5.785714285714286,-9.880952380952381,2.0,-5.889872173058014,-3.9910802078943677
94,198002,17.103448275862068,22.379310344827587,10.448275862068966,-8.275862068965518,2.0,-5.889872173058014,-2.385989895907504
95,198102,21.071428571428573,26.392857142857142,14.642857142857142,-6.071428571428571,2.0,-5.889872173058014,-0.18155639837055748
96,198202,21.714285714285715,27.678571428571427,15.642857142857142,-5.714285714285714,2.0,-5.889872173058014,0.17558645877229928
97,198302,17.5,25.535714285714285,9.5,-8.055555555555555,2.0,-5.889872173058014,-2.1656833824975417
98,198402,21.75862068965517,27.482758620689655,16.344827586206897,-5.689655172413793,2.0,-5.889872173058014,0.200217000644221
99,198502,4.785714285714286,11.571428571428571,-1.6071428571428572,-15.119047619047619,2.0,-5.889872173058014,-9.229175445989604
100,198602,11.107142857142858,19.392857142857142,2.2857142857142856,-11.607142857142858,2.0,-5.889872173058014,-5.717270684084844
101,198702,19.678571428571427,25.857142857142858,13.678571428571429,-6.845238095238095,2.0,-5.889872173058014,-0.9553659221800812
102,198802,24.655172413793103,28.137931034482758,21.20689655172414,-4.080459770114943,2.0,-5.889872173058014,1.809412402943071
103,198902,32.75,37.57142857142857,27.5,0.41666666666666663,2.0,-5.889872173058014,6.306538839724681
104,199002,34.107142857142854,37.642857142857146,30.107142857142858,1.1706349206349207,2.0,-5.889872173058014,7.060507093692935
105,199102,20.75,25.5,15.821428571428571,-6.25,2.0,-5.889872173058014,-0.3601278269419863
106,199202,28.310344827586206,32.827586206896555,22.82758620689655,-2.049808429118774,2.0,-5.889872173058014,3.8400637439392398
107,199302,27.178571428571427,32.07142857142857,21.571428571428573,-2.6785714285714284,2.0,-5.889872173058014,3.2113007444865853
108,199402,8.678571428571429,16.071428571428573,1.5357142857142858,-12.956349206349206,2.0,-5.889872173058014,-7.066477033291192
109,199502,31.321428571428573,35.214285714285715,26.071428571428573,-0.376984126984127,2.0,-5.889872173058014,5.512888046073886
110,199602,13.758620689655173,20.517241379310345,7.448275862068965,-10.134099616858236,2.0,-5.889872173058014,-4.244227443800223
111,199702,26.178571428571427,31.392857142857142,20.428571428571427,-3.234126984126984,2.0,-5.889872173058014,2.6557451889310295
112,199802,24.0,30.285714285714285,16.25,-4.444444444444445,2.0,-5.889872173058014,1.445427728613569
113,199902,19.178571428571427,24.892857142857142,12.607142857142858,-7.123015873015873,2.0,-5.889872173058014,-1.2331436999578589
114,200002,27.75862068965517,31.620689655172413,21.379310344827587,-2.3563218390804597,2.0,-5.889872173058014,3.533550333977554
115,200102,17.785714285714285,24.821428571428573,11.321428571428571,-7.896825396825397,2.0,-5.889872173058014,-2.0069532237673835
116,200202,30.535714285714285,34.535714285714285,25.464285714285715,-0.8134920634920634,2.0,-5.889872173058014,5.07638010956595
117,200302,21.642857142857142,27.785714285714285,15.892857142857142,-5.753968253968254,2.0,-5.889872173058014,0.13590391908975974
118,200402,23.20689655172414,28.310344827586206,17.551724137931036,-4.885057471264368,2.0,-5.889872173058014,1.004814701793646
119,200502,21.785714285714285,26.714285714285715,16.678571428571427,-5.674603174603175,2.0,-5.889872173058014,0.21526899845483882
120,200602,15.642857142857142,21.107142857142858,9.714285714285714,-9.087301587301587,2.0,-5.889872173058014,-3.1974294142435733
121,200702,14.607142857142858,21.857142857142858,8.678571428571429,-9.662698412698413,2.0,-5.889872173058014,-3.7728262396403993
122,200802,32.62068965517241,35.96551724137931,28.586206896551722,0.3448275862068966,2.0,-5.889872173058014,6.2346997592649105
123,200902,23.0,27.142857142857142,17.642857142857142,-5.0,2.0,-5.889872173058014,0.8898721730580137
124,201002,15.571428571428571,20.464285714285715,9.857142857142858,-9.126984126984127,2.0,-5.889872173058014,-3.237111953926113
125,201102,10.5,19.464285714285715,4.607142857142857,-11.944444444444445,2.0,-5.889872173058014,-6.054572271386431
126,201202,17.310344827586206,22.896551724137932,10.793103448275861,-8.160919540229886,2.0,-5.889872173058014,-2.271047367171872
127,201302,27.285714285714285,31.035714285714285,22.464285714285715,-2.619047619047619,2.0,-5.889872173058014,3.2708245540103946
128,201402,31.321428571428573,33.75,28.5,-0.37698412698412703,2.0,-5.889872173058014,5.512888046073886
129,201502,32.214285714285715,35.392857142857146,27.928571428571427,0.11904761904761907,2.0,-5.889872173058014,6.008919792105633
130,201602,31.20689655172414,34.6551724137931,26.862068965517242,-0.4406130268199234,2.0,-5.889872173058014,5.449259146238091
131,201702,26.25,31.178571428571427,20.857142857142858,-3.194444444444444,2.0,-5.889872173058014,2.6954277286135695
132,195203,13.807692307692308,26.045454545454547,-0.625,-10.106837606837606,3.0,-2.4092156487331673,-7.697621958104439
133,195303,31.130434782608695,39.26315789473684,23.058823529411764,-0.4830917874396135,3.0,-2.4092156487331673,1.9261238612935538
134,195403,29.714285714285715,33.75,25.217391304347824,-1.26984126984127,3.0,-2.4092156487331673,1.1393743788918973
135,195503,21.666666666666668,28.862068965517242,12.518518518518519,-5.740740740740741,3.0,-2.4092156487331673,-3.331525092007574
136,195603,24.103448275862068,34.25925925925926,13.178571428571429,-4.3869731800766285,3.0,-2.4092156487331673,-1.9777575313434612
137,195703,18.88,26.272727272727273,12.772727272727273,-7.288888888888889,3.0,-2.4092156487331673,-4.8796732401557215
138,195803,18.35483870967742,28.4,8.071428571428571,-7.580645161290323,3.0,-2.4092156487331673,-5.171429512557156
139,195903,32.58064516129032,40.53333333333333,25.6,0.32258064516129037,3.0,-2.4092156487331673,2.7317962938944578
140,196003,23.741935483870968,31.548387096774192,15.709677419354838,-4.587813620071684,3.0,-2.4092156487331673,-2.178597971338517
141,196103,32.645161290322584,38.54838709677419,27.0,0.3584229390681003,3.0,-2.4092156487331673,2.7676385878012675
142,196203,18.516129032258064,27.580645161290324,8.451612903225806,-7.491039426523297,3.0,-2.4092156487331673,-5.08182377779013
143,196303,16.29032258064516,26.258064516129032,5.645161290322581,-8.727598566308243,3.0,-2.4092156487331673,-6.318382917575076
144,196403,,32.87096774193548,13.96774193548387,,3.0,-2.4092156487331673,
145,196503,,31.35483870967742,18.580645161290324,,3.0,-2.4092156487331673,
146,196603,,32.064516129032256,22.516129032258064,,3.0,-2.4092156487331673,
147,196703,,36.96774193548387,28.838709677419356,,3.0,-2.4092156487331673,
148,196803,,36.225806451612904,24.322580645161292,,3.0,-2.4092156487331673,
149,196903,,30.548387096774192,10.387096774193548,,3.0,-2.4092156487331673,
150,197003,,32.41935483870968,22.548387096774192,,3.0,-2.4092156487331673,
151,197103,,28.612903225806452,16.70967741935484,,3.0,-2.4092156487331673,
152,197203,,33.903225806451616,19.516129032258064,,3.0,-2.4092156487331673,
153,197303,29.806451612903224,36.74193548387097,23.225806451612904,-1.2186379928315412,3.0,-2.4092156487331673,1.1905776559016261
154,197403,29.903225806451612,37.16129032258065,22.64516129032258,-1.1648745519713262,3.0,-2.4092156487331673,1.2443410967618411
155,197503,31.35483870967742,37.774193548387096,25.967741935483872,-0.35842293906810035,3.0,-2.4092156487331673,2.050792709665067
156,197603,23.322580645161292,28.870967741935484,16.06451612903226,-4.820788530465951,3.0,-2.4092156487331673,-2.4115728817327833
157,197703,28.096774193548388,33.61290322580645,22.06451612903226,-2.1684587813620073,3.0,-2.4092156487331673,0.24075686737115998
158,197803,27.29032258064516,31.096774193548388,22.225806451612904,-2.6164874551971327,3.0,-2.4092156487331673,-0.20727180646396537
159,197903,28.419354838709676,32.96774193548387,24.419354838709676,-1.989247311827957,3.0,-2.4092156487331673,0.4199683369052103
160,198003,20.903225806451612,29.225806451612904,11.870967741935484,-6.164874551971327,3.0,-2.4092156487331673,-3.7556589032381593
161,198103,21.580645161290324,28.93548387096774,12.903225806451612,-5.788530465949821,3.0,-2.4092156487331673,-3.3793148172166534
162,198203,31.35483870967742,37.0,25.70967741935484,-0.35842293906810035,3.0,-2.4092156487331673,2.050792709665067
163,198303,27.225806451612904,33.32258064516129,20.838709677419356,-2.6523297491039424,3.0,-2.4092156487331673,-0.24311410037077508
164,198403,24.483870967741936,31.806451612903224,16.322580645161292,-4.17562724014337,3.0,-2.4092156487331673,-1.7664115914102023
165,198503,27.483870967741936,31.70967741935484,22.806451612903224,-2.508960573476702,3.0,-2.4092156487331673,-0.09974492474353491
166,198603,29.8,34.903225806451616,25.322580645161292,-1.222222222222222,3.0,-2.4092156487331673,1.1869934265109452
167,198703,20.806451612903224,28.612903225806452,12.580645161290322,-6.218637992831541,3.0,-2.4092156487331673,-3.8094223440983734
168,198803,26.451612903225808,30.870967741935484,21.451612903225808,-3.0824372759856633,3.0,-2.4092156487331673,-0.673221627252496
169,198903,34.87096774193548,38.70967741935484,31.0,1.5949820788530464,3.0,-2.4092156487331673,4.004197727586214
170,199003,34.483870967741936,40.483870967741936,27.516129032258064,1.3799283154121864,3.0,-2.4092156487331673,3.789143964145354
171,199103,30.838709677419356,35.483870967741936,26.032258064516128,-0.6451612903225806,3.0,-2.4092156487331673,1.7640543584105868
172,199203,33.645161290322584,37.25806451612903,30.741935483870968,0.9139784946236559,3.0,-2.4092156487331673,3.3231941433568233
173,199303,30.806451612903224,36.645161290322584,25.387096774193548,-0.6630824372759856,3.0,-2.4092156487331673,1.7461332114571817
174,199403,27.35483870967742,32.935483870967744,21.483870967741936,-2.5806451612903225,3.0,-2.4092156487331673,-0.17142951255715522
175,199503,32.354838709677416,35.70967741935484,28.64516129032258,0.19713261648745523,3.0,-2.4092156487331673,2.6063482652206225
176,199603,26.225806451612904,34.41935483870968,17.096774193548388,-3.207885304659498,3.0,-2.4092156487331673,-0.7986696559263309
177,199703,30.741935483870968,37.774193548387096,24.193548387096776,-0.6989247311827956,3.0,-2.4092156487331673,1.7102909175503718
178,199803,24.419354838709676,32.74193548387097,15.903225806451612,-4.211469534050178,3.0,-2.4092156487331673,-1.8022538853170111
179,199903,29.70967741935484,34.774193548387096,23.774193548387096,-1.2724014336917562,3.0,-2.4092156487331673,1.1368142150414111
180,200003,30.870967741935484,36.483870967741936,24.387096774193548,-0.6272401433691756,3.0,-2.4092156487331673,1.7819755053639916
181,200103,25.548387096774192,32.38709677419355,18.193548387096776,-3.5842293906810037,3.0,-2.4092156487331673,-1.1750137419478364
182,200203,32.645161290322584,39.645161290322584,25.29032258064516,0.35842293906810035,3.0,-2.4092156487331673,2.7676385878012675
183,200303,29.322580645161292,37.516129032258064,22.64516129032258,-1.4874551971326164,3.0,-2.4092156487331673,0.9217604516005509
184,200403,29.451612903225808,36.83870967741935,22.580645161290324,-1.4157706093189963,3.0,-2.4092156487331673,0.993445039414171
185,200503,20.483870967741936,28.806451612903224,11.806451612903226,-6.397849462365591,3.0,-2.4092156487331673,-3.9886338136324238
186,200603,20.0,28.129032258064516,12.387096774193548,-6.666666666666666,3.0,-2.4092156487331673,-4.257451017933499
187,200703,37.096774193548384,44.96774193548387,31.096774193548388,2.8315412186379927,3.0,-2.4092156487331673,5.24075686737116
188,200803,31.06451612903226,35.806451612903224,26.451612903225808,-0.5197132616487455,3.0,-2.4092156487331673,1.8895023870844216
189,200903,28.774193548387096,33.38709677419355,23.548387096774192,-1.7921146953405018,3.0,-2.4092156487331673,0.6171009533926655
190,201003,27.35483870967742,33.193548387096776,19.870967741935484,-2.5806451612903225,3.0,-2.4092156487331673,-0.17142951255715522
191,201103,29.129032258064516,35.12903225806452,22.0,-1.5949820788530464,3.0,-2.4092156487331673,0.8142335698801209
192,201203,31.741935483870968,37.61290322580645,25.741935483870968,-0.14336917562724014,3.0,-2.4092156487331673,2.265846473105927
193,201303,19.838709677419356,29.806451612903224,9.193548387096774,-6.756272401433693,3.0,-2.4092156487331673,-4.347056752700525
194,201403,34.74193548387097,42.0,28.06451612903226,1.5232974910394266,3.0,-2.4092156487331673,3.9325131397725936
195,201503,35.0,41.32258064516129,30.06451612903226,1.6666666666666665,3.0,-2.4092156487331673,4.075882315399834
196,201603,32.12903225806452,38.16129032258065,27.258064516129032,0.07168458781362005,3.0,-2.4092156487331673,2.480900236546787
197,201703,33.25806451612903,38.83870967741935,28.129032258064516,0.6989247311827956,3.0,-2.4092156487331673,3.108140379915963
198,195204,39.607142857142854,49.92,29.884615384615383,4.226190476190476,4.0,3.5094441083551793,0.716746367835297
199,195304,39.96296296296296,49.76923076923077,29.653846153846153,4.423868312757201,4.0,3.5094441083551793,0.9144242044020219
200,195404,34.541666666666664,41.18181818181818,27.708333333333332,1.412037037037037,4.0,3.5094441083551793,-2.097407071318142
201,195504,30.130434782608695,37.391304347826086,22.391304347826086,-1.038647342995169,4.0,3.5094441083551793,-4.5480914513503485
202,195604,31.321428571428573,38.55555555555556,22.923076923076923,-0.3769841269841269,4.0,3.5094441083551793,-3.8864282353393063
203,195704,34.95,43.45,26.5,1.6388888888888888,4.0,3.5094441083551793,-1.8705552194662904
204,195804,33.833333333333336,41.96551724137931,24.964285714285715,1.0185185185185184,4.0,3.5094441083551793,-2.490925589836661
205,195904,38.96666666666667,47.36666666666667,30.166666666666668,3.8703703703703707,4.0,3.5094441083551793,0.3609262620151914
206,196004,35.333333333333336,44.833333333333336,25.833333333333332,1.8518518518518516,4.0,3.5094441083551793,-1.6575922565033276
207,196104,36.733333333333334,45.43333333333333,26.133333333333333,2.6296296296296293,4.0,3.5094441083551793,-0.87981447872555
208,196204,38.8,46.06666666666667,32.0,3.7777777777777777,4.0,3.5094441083551793,0.2683336694225984
209,196304,37.06666666666667,45.833333333333336,28.533333333333335,2.814814814814815,4.0,3.5094441083551793,-0.6946292935403644
210,196404,,45.233333333333334,30.433333333333334,,4.0,3.5094441083551793,
211,196504,,45.5,30.5,,4.0,3.5094441083551793,
212,196604,,37.46666666666667,26.233333333333334,,4.0,3.5094441083551793,
213,196704,,45.96666666666667,30.666666666666668,,4.0,3.5094441083551793,
214,196804,,47.333333333333336,31.8,,4.0,3.5094441083551793,
215,196904,,46.0,31.066666666666666,,4.0,3.5094441083551793,
216,197004,,40.13333333333333,29.766666666666666,,4.0,3.5094441083551793,
217,197104,,42.93333333333333,28.533333333333335,,4.0,3.5094441083551793,
218,197204,,41.53333333333333,30.7,,4.0,3.5094441083551793,
219,197304,36.8,43.666666666666664,31.066666666666666,2.6666666666666665,4.0,3.5094441083551793,-0.8427774416885128
220,197404,36.8,46.3,27.2,2.6666666666666665,4.0,3.5094441083551793,-0.8427774416885128
221,197504,38.0,45.4,31.166666666666668,3.3333333333333335,4.0,3.5094441083551793,-0.1761107750218458
222,197604,35.8,43.166666666666664,27.766666666666666,2.111111111111111,4.0,3.5094441083551793,-1.3983329972440681
223,197704,35.166666666666664,40.666666666666664,29.8,1.7592592592592593,4.0,3.5094441083551793,-1.75018484909592
224,197804,35.9,42.5,28.8,2.1666666666666665,4.0,3.5094441083551793,-1.3427774416885128
225,197904,35.03333333333333,42.93333333333333,27.966666666666665,1.6851851851851853,4.0,3.5094441083551793,-1.824258923169994
226,198004,40.6,49.43333333333333,34.13333333333333,4.777777777777777,4.0,3.5094441083551793,1.2683336694225975
227,198104,35.03333333333333,43.56666666666667,27.566666666666666,1.6851851851851853,4.0,3.5094441083551793,-1.824258923169994
228,198204,36.833333333333336,43.93333333333333,30.8,2.685185185185185,4.0,3.5094441083551793,-0.8242589231699942
229,198304,41.36666666666667,49.63333333333333,34.2,5.203703703703704,4.0,3.5094441083551793,1.6942595953485249
230,198404,40.43333333333333,49.7,32.166666666666664,4.685185185185185,4.0,3.5094441083551793,1.1757410768300058
231,198504,33.93333333333333,40.86666666666667,27.4,1.074074074074074,4.0,3.5094441083551793,-2.4353700342811053
232,198604,33.0,36.0,32.0,0.5555555555555556,4.0,3.5094441083551793,-2.953888552799624
233,198704,36.733333333333334,46.13333333333333,27.966666666666665,2.6296296296296293,4.0,3.5094441083551793,-0.87981447872555
234,198804,34.96666666666667,42.266666666666666,28.4,1.6481481481481481,4.0,3.5094441083551793,-1.8612959602070311
235,198904,41.93333333333333,50.03333333333333,34.666666666666664,5.518518518518518,4.0,3.5094441083551793,2.009074410163339
236,199004,43.166666666666664,53.6,32.733333333333334,6.203703703703704,4.0,3.5094441083551793,2.694259595348525
237,199104,38.63333333333333,47.3,30.666666666666668,3.685185185185185,4.0,3.5094441083551793,0.17574107683000584
238,199204,35.6,41.46666666666667,30.866666666666667,2.0,4.0,3.5094441083551793,-1.5094441083551793
239,199304,38.7,48.03333333333333,30.0,3.722222222222222,4.0,3.5094441083551793,0.2127781138670426
240,199404,41.36666666666667,49.56666666666667,34.2,5.203703703703704,4.0,3.5094441083551793,1.6942595953485249
241,199504,38.1,45.7,30.866666666666667,3.3888888888888884,4.0,3.5094441083551793,-0.12055521946629089
242,199604,37.86666666666667,46.86666666666667,29.3,3.259259259259259,4.0,3.5094441083551793,-0.2501848490959202
243,199704,35.63333333333333,43.233333333333334,28.133333333333333,2.0185185185185186,4.0,3.5094441083551793,-1.4909255898366607
244,199804,37.3,45.96666666666667,28.933333333333334,2.944444444444444,4.0,3.5094441083551793,-0.5649996639107351
245,199904,42.63333333333333,50.13333333333333,35.9,5.907407407407407,4.0,3.5094441083551793,2.397963299052228
246,200004,43.56666666666667,52.56666666666667,35.833333333333336,6.425925925925926,4.0,3.5094441083551793,2.9164818175707463
247,200104,41.9,50.36666666666667,35.36666666666667,5.5,4.0,3.5094441083551793,1.9905558916448207
248,200204,42.43333333333333,52.53333333333333,32.36666666666667,5.796296296296296,4.0,3.5094441083551793,2.2868521879411166
249,200304,36.5,44.46666666666667,29.333333333333332,2.5,4.0,3.5094441083551793,-1.0094441083551793
250,200404,39.96666666666667,50.93333333333333,30.033333333333335,4.425925925925926,4.0,3.5094441083551793,0.9164818175707463
251,200504,39.833333333333336,49.13333333333333,31.733333333333334,4.351851851851851,4.0,3.5094441083551793,0.8424077434966719
252,200604,38.86666666666667,46.03333333333333,32.06666666666667,3.814814814814815,4.0,3.5094441083551793,0.3053707064596356
253,200704,41.333333333333336,51.56666666666667,33.0,5.185185185185185,4.0,3.5094441083551793,1.6757410768300058
254,200804,43.233333333333334,51.93333333333333,35.13333333333333,6.240740740740741,4.0,3.5094441083551793,2.731296632385562
255,200904,40.233333333333334,48.36666666666667,32.53333333333333,4.574074074074074,4.0,3.5094441083551793,1.0646299657188951
256,201004,40.3,48.233333333333334,33.266666666666666,4.611111111111112,4.0,3.5094441083551793,1.1016670027559323
257,201104,42.733333333333334,50.63333333333333,34.766666666666666,5.962962962962963,4.0,3.5094441083551793,2.4535188546077835
258,201204,39.03333333333333,45.8,32.1,3.9074074074074074,4.0,3.5094441083551793,0.39796329905222816
259,201304,36.96666666666667,44.666666666666664,28.966666666666665,2.759259259259259,4.0,3.5094441083551793,-0.7501848490959202
260,201404,42.1,51.7,32.46666666666667,5.611111111111112,4.0,3.5094441083551793,2.1016670027559323
261,201504,41.3,48.13333333333333,34.8,5.166666666666667,4.0,3.5094441083551793,1.6572225583114877
262,201604,40.36666666666667,48.733333333333334,34.13333333333333,4.648148148148148,4.0,3.5094441083551793,1.1387040397929686
263,201704,36.03333333333333,44.1,29.7,2.2407407407407405,4.0,3.5094441083551793,-1.2687033676144388
264,195205,44.666666666666664,53.30434782608695,33.916666666666664,7.037037037037037,5.0,10.202917940876656,-3.1658809038396187
265,195305,48.67741935483871,58.2,37.925925925925924,9.265232974910395,5.0,10.202917940876656,-0.9376849659662607
266,195405,52.62068965517241,61.642857142857146,43.0,11.455938697318008,5.0,10.202917940876656,1.2530207564413516
267,195505,42.96551724137931,50.10344827586207,35.857142857142854,6.091954022988506,5.0,10.202917940876656,-4.11096391788815
268,195605,47.56666666666667,57.766666666666666,36.57142857142857,8.648148148148149,5.0,10.202917940876656,-1.5547697927285071
269,195705,46.89473684210526,55.111111111111114,38.68421052631579,8.274853801169591,5.0,10.202917940876656,-1.9280641397070646
270,195805,46.806451612903224,54.785714285714285,38.03448275862069,8.225806451612904,5.0,10.202917940876656,-1.977111489263752
271,195905,49.45161290322581,58.45161290322581,39.354838709677416,9.695340501792113,5.0,10.202917940876656,-0.5075774390845424
272,196005,51.766666666666666,61.096774193548384,39.096774193548384,10.981481481481483,5.0,10.202917940876656,0.7785635406048268
273,196105,49.806451612903224,58.193548387096776,39.903225806451616,9.89247311827957,5.0,10.202917940876656,-0.31044482259708595
274,196205,47.45161290322581,55.70967741935484,38.61290322580645,8.584229390681003,5.0,10.202917940876656,-1.6186885501956532
275,196305,55.774193548387096,65.74193548387096,43.483870967741936,13.207885304659499,5.0,10.202917940876656,3.0049673637828427
276,196405,,58.806451612903224,38.74193548387097,,5.0,10.202917940876656,
277,196505,,53.225806451612904,33.61290322580645,,5.0,10.202917940876656,
278,196605,,58.61290322580645,39.193548387096776,,5.0,10.202917940876656,
279,196705,,57.61290322580645,41.67741935483871,,5.0,10.202917940876656,
280,196805,,54.25806451612903,37.935483870967744,,5.0,10.202917940876656,
281,196905,,57.12903225806452,39.096774193548384,,5.0,10.202917940876656,
282,197005,,59.806451612903224,39.54838709677419,,5.0,10.202917940876656,
283,197105,,61.03225806451613,40.45161290322581,,5.0,10.202917940876656,
284,197205,,57.54838709677419,39.645161290322584,,5.0,10.202917940876656,
285,197305,50.29032258064516,59.064516129032256,41.096774193548384,10.161290322580646,5.0,10.202917940876656,-0.04162761829601003
286,197405,44.83870967741935,53.483870967741936,35.58064516129032,7.132616487455198,5.0,10.202917940876656,-3.0703014534214583
287,197505,53.4,62.74193548387097,42.54838709677419,11.88888888888889,5.0,10.202917940876656,1.6859709480122334
288,197605,52.16129032258065,62.74193548387097,39.83870967741935,11.200716845878137,5.0,10.202917940876656,0.9977989050014813
289,197705,49.16129032258065,57.96774193548387,40.483870967741936,9.53405017921147,5.0,10.202917940876656,-0.6688677616651866
290,197805,51.193548387096776,60.61290322580645,38.67741935483871,10.663082437275985,5.0,10.202917940876656,0.46016449639932944
291,197905,51.0,61.516129032258064,40.74193548387097,10.555555555555555,5.0,10.202917940876656,0.3526376146788994
292,198005,44.87096774193548,53.516129032258064,37.03225806451613,7.150537634408602,5.0,10.202917940876656,-3.052380306468054
293,198105,51.935483870967744,63.12903225806452,40.16129032258065,11.0752688172043,5.0,10.202917940876656,0.8723508763276442
294,198205,48.516129032258064,58.25806451612903,39.193548387096776,9.175627240143369,5.0,10.202917940876656,-1.0272907007332872
295,198305,52.774193548387096,61.41935483870968,44.45161290322581,11.54121863799283,5.0,10.202917940876656,1.3383006971161748
296,198405,54.96774193548387,65.12903225806451,44.225806451612904,12.759856630824371,5.0,10.202917940876656,2.5569386899477156
297,198505,48.96774193548387,58.87096774193548,38.225806451612904,9.42652329749104,5.0,10.202917940876656,-0.7763946433856166
298,198605,51.58064516129032,60.758620689655174,41.53333333333333,10.878136200716845,5.0,10.202917940876656,0.6752182598401895
299,198705,47.064516129032256,55.806451612903224,38.58064516129032,8.369175627240145,5.0,10.202917940876656,-1.8337423136365114
300,198805,53.806451612903224,64.64516129032258,41.16129032258065,12.114695340501791,5.0,10.202917940876656,1.9117773996251355
301,198905,51.903225806451616,61.903225806451616,40.38709677419355,11.057347670250897,5.0,10.202917940876656,0.8544297293742407
302,199005,49.774193548387096,59.45161290322581,39.41935483870968,9.874551971326165,5.0,10.202917940876656,-0.32836596955049124
303,199105,46.483870967741936,55.70967741935484,36.41935483870968,8.046594982078853,5.0,10.202917940876656,-2.1563229587978032
304,199205,52.61290322580645,63.38709677419355,41.096774193548384,11.451612903225806,5.0,10.202917940876656,1.2486949623491501
305,199305,56.225806451612904,67.48387096774194,43.645161290322584,13.45878136200717,5.0,10.202917940876656,3.2558634211305133
306,199405,47.225806451612904,56.74193548387097,36.54838709677419,8.45878136200717,5.0,10.202917940876656,-1.7441365788694867
307,199505,48.58064516129032,58.193548387096776,39.064516129032256,9.21146953405018,5.0,10.202917940876656,-0.9914484068264766
308,199605,48.67741935483871,58.354838709677416,39.32258064516129,9.265232974910395,5.0,10.202917940876656,-0.9376849659662607
309,199705,47.193548387096776,56.45161290322581,37.58064516129032,8.440860215053764,5.0,10.202917940876656,-1.762057725822892
310,199805,50.806451612903224,60.87096774193548,40.70967741935484,10.448028673835124,5.0,10.202917940876656,0.24511073295846764
311,199905,46.58064516129032,55.58064516129032,36.225806451612904,8.100358422939069,5.0,10.202917940876656,-2.1025595179375873
312,200005,51.70967741935484,61.54838709677419,41.45161290322581,10.949820788530467,5.0,10.202917940876656,0.7469028476538107
313,200105,49.354838709677416,58.87096774193548,40.645161290322584,9.641577060931901,5.0,10.202917940876656,-0.5613408799447548
314,200205,53.70967741935484,64.51612903225806,41.87096774193548,12.060931899641577,5.0,10.202917940876656,1.8580139587649214
315,200305,49.74193548387097,59.645161290322584,40.83870967741935,9.85663082437276,5.0,10.202917940876656,-0.34628711650389654
316,200405,50.225806451612904,60.25806451612903,41.25806451612903,10.125448028673835,5.0,10.202917940876656,-0.07746991220282062
317,200505,50.483870967741936,59.32258064516129,41.96774193548387,10.268817204301074,5.0,10.202917940876656,0.06589926342441821
318,200605,51.03225806451613,60.903225806451616,41.12903225806452,10.57347670250896,5.0,10.202917940876656,0.3705587616323047
319,200705,51.774193548387096,61.0,42.83870967741935,10.985663082437275,5.0,10.202917940876656,0.7827451415606195
320,200805,51.32258064516129,61.58064516129032,41.03225806451613,10.734767025089605,5.0,10.202917940876656,0.5318490842129489
321,200905,52.67741935483871,62.32258064516129,43.25806451612903,11.487455197132615,5.0,10.202917940876656,1.284537256255959
322,201005,53.41935483870968,61.483870967741936,45.87096774193548,11.899641577060931,5.0,10.202917940876656,1.6967236361842755
323,201105,51.32258064516129,60.58064516129032,42.03225806451613,10.734767025089605,5.0,10.202917940876656,0.5318490842129489
324,201205,52.0,61.41935483870968,43.193548387096776,11.11111111111111,5.0,10.202917940876656,0.9081931702344548
325,201305,55.935483870967744,65.54838709677419,47.25806451612903,13.297491039426523,5.0,10.202917940876656,3.0945730985498674
326,201405,51.483870967741936,60.483870967741936,43.25806451612903,10.824372759856631,5.0,10.202917940876656,0.6214548189799753
327,201505,49.25806451612903,57.67741935483871,41.354838709677416,9.587813620071685,5.0,10.202917940876656,-0.6151043208049707
328,201605,56.935483870967744,67.87096774193549,46.193548387096776,13.853046594982079,5.0,10.202917940876656,3.6501286541054228
329,201705,49.03225806451613,59.645161290322584,39.483870967741936,9.462365591397848,5.0,10.202917940876656,-0.7405523494788078
330,195206,56.5,64.43478260869566,45.166666666666664,13.61111111111111,6.0,14.684908789386402,-1.073797678275291
331,195306,62.666666666666664,72.79166666666667,52.5,17.037037037037038,6.0,14.684908789386402,2.3521282476506364
332,195406,57.03846153846154,65.33333333333333,48.76,13.91025641025641,6.0,14.684908789386402,-0.7746523791299911
333,195506,54.42307692307692,63.07692307692308,44.32,12.457264957264957,6.0,14.684908789386402,-2.2276438321214442
334,195606,60.30434782608695,69.08695652173913,49.95454545454545,15.724637681159418,6.0,14.684908789386402,1.0397288917730165
335,195706,54.333333333333336,62.55555555555556,45.0,12.407407407407408,6.0,14.684908789386402,-2.2775013819789933
336,195806,56.1,64.3,45.89655172413793,13.388888888888888,6.0,14.684908789386402,-1.2960199004975141
337,195906,59.13333333333333,69.0,48.2,15.074074074074074,6.0,14.684908789386402,0.38916528468767275
338,196006,61.3,70.6,51.766666666666666,16.27777777777778,6.0,14.684908789386402,1.592868988391377
339,196106,62.6,71.4,52.2,17.0,6.0,14.684908789386402,2.3150912106135983
340,196206,53.666666666666664,63.36666666666667,42.733333333333334,12.037037037037036,6.0,14.684908789386402,-2.6478717523493653
341,196306,58.689655172413794,67.1,47.06666666666667,14.827586206896552,6.0,14.684908789386402,0.14267741751014995
342,196406,,67.93333333333334,47.7,,6.0,14.684908789386402,
343,196506,,67.86666666666666,49.43333333333333,,6.0,14.684908789386402,
344,196606,,72.66666666666667,51.233333333333334,,6.0,14.684908789386402,
345,196706,,65.4,47.93333333333333,,6.0,14.684908789386402,
346,196806,,71.5,52.2,,6.0,14.684908789386402,
347,196906,,70.53333333333333,50.1,,6.0,14.684908789386402,
348,197006,,72.46666666666667,51.3,,6.0,14.684908789386402,
349,197106,,67.46666666666667,47.06666666666667,,6.0,14.684908789386402,
350,197206,,70.93333333333334,51.46666666666667,,6.0,14.684908789386402,
351,197306,62.13333333333333,72.06666666666666,51.13333333333333,16.74074074074074,6.0,14.684908789386402,2.055831951354339
352,197406,57.833333333333336,66.63333333333334,48.1,14.351851851851851,6.0,14.684908789386402,-0.33305693753455046
353,197506,56.6,65.63333333333334,46.0,13.666666666666666,6.0,14.684908789386402,-1.0182421227197356
354,197606,55.2,63.8,46.7,12.888888888888888,6.0,14.684908789386402,-1.7960199004975141
355,197706,57.8,66.46666666666667,47.666666666666664,14.333333333333334,6.0,14.684908789386402,-0.3515754560530677
356,197806,58.4,68.2,47.13333333333333,14.666666666666666,6.0,14.684908789386402,-0.018242122719735576
357,197906,60.833333333333336,70.96666666666667,49.333333333333336,16.01851851851852,6.0,14.684908789386402,1.3336097291321174
358,198006,62.266666666666666,71.6,52.43333333333333,16.814814814814817,6.0,14.684908789386402,2.129906025428415
359,198106,55.266666666666666,64.0,47.733333333333334,12.925925925925926,6.0,14.684908789386402,-1.758982863460476
360,198206,52.8,61.333333333333336,43.86666666666667,11.555555555555554,6.0,14.684908789386402,-3.129353233830848
361,198306,56.36666666666667,65.76666666666667,47.03333333333333,13.537037037037036,6.0,14.684908789386402,-1.1478717523493653
362,198406,57.1,65.6,48.56666666666667,13.944444444444445,6.0,14.684908789386402,-0.740464344941957
363,198506,56.166666666666664,65.13333333333334,47.4,13.425925925925926,6.0,14.684908789386402,-1.258982863460476
364,198606,62.3,71.76666666666667,51.6,16.833333333333332,6.0,14.684908789386402,2.1484245439469305
365,198706,54.833333333333336,63.5,45.93333333333333,12.685185185185185,6.0,14.684908789386402,-1.9997236042012165
366,198806,63.1,72.76666666666667,52.666666666666664,17.27777777777778,6.0,14.684908789386402,2.592868988391377
367,198906,61.03333333333333,69.6,50.766666666666666,16.12962962962963,6.0,14.684908789386402,1.444720840243228
368,199006,57.9,66.9,47.2,14.38888888888889,6.0,14.684908789386402,-0.29601990049751237
369,199106,55.266666666666666,62.833333333333336,47.5,12.925925925925926,6.0,14.684908789386402,-1.758982863460476
370,199206,60.63333333333333,70.9,49.03333333333333,15.907407407407408,6.0,14.684908789386402,1.2224986180210067
371,199306,53.96666666666667,63.13333333333333,44.7,12.203703703703702,6.0,14.684908789386402,-2.4812050856826993
372,199406,55.166666666666664,64.13333333333334,46.333333333333336,12.87037037037037,6.0,14.684908789386402,-1.8145384190160314
373,199506,63.6,72.5,53.96666666666667,17.555555555555554,6.0,14.684908789386402,2.870646766169152
374,199606,56.43333333333333,65.33333333333333,47.766666666666666,13.574074074074074,6.0,14.684908789386402,-1.1108347153123272
375,199706,61.86666666666667,71.93333333333334,50.333333333333336,16.59259259259259,6.0,14.684908789386402,1.90768380320619
376,199806,58.3,66.26666666666667,50.86666666666667,14.61111111111111,6.0,14.684908789386402,-0.07379767827529093
377,199906,65.4,75.16666666666667,54.43333333333333,18.555555555555554,6.0,14.684908789386402,3.870646766169152
378,200006,58.1,66.46666666666667,49.8,14.5,6.0,14.684908789386402,-0.18490878938640165
379,200106,57.56666666666667,65.4,49.3,14.203703703703702,6.0,14.684908789386402,-0.48120508568269926
380,200206,61.46666666666667,70.2,52.833333333333336,16.37037037037037,6.0,14.684908789386402,1.6854615809839686
381,200306,55.6,65.13333333333334,47.4,13.11111111111111,6.0,14.684908789386402,-1.573797678275291
382,200406,55.4,64.03333333333333,47.43333333333333,13.0,6.0,14.684908789386402,-1.6849087893864017
383,200506,57.43333333333333,65.83333333333333,49.03333333333333,14.129629629629628,6.0,14.684908789386402,-0.5552791597567737
384,200606,61.266666666666666,70.33333333333333,51.63333333333333,16.25925925925926,6.0,14.684908789386402,1.5743504698728579
385,200706,59.833333333333336,69.93333333333334,49.833333333333336,15.462962962962964,6.0,14.684908789386402,0.778054173576562
386,200806,58.166666666666664,67.26666666666667,50.166666666666664,14.537037037037036,6.0,14.684908789386402,-0.14787175234936534
387,200906,57.4,66.66666666666667,49.166666666666664,14.11111111111111,6.0,14.684908789386402,-0.5737976782752909
388,201006,58.8,67.5,50.13333333333333,14.888888888888888,6.0,14.684908789386402,0.20398009950248586
389,201106,63.266666666666666,72.76666666666667,54.06666666666667,17.37037037037037,6.0,14.684908789386402,2.6854615809839686
390,201206,56.5,65.06666666666666,48.63333333333333,13.61111111111111,6.0,14.684908789386402,-1.073797678275291
391,201306,64.06666666666666,73.0,55.7,17.814814814814817,6.0,14.684908789386402,3.129906025428415
392,201406,56.4,64.5,49.333333333333336,13.555555555555555,6.0,14.684908789386402,-1.1293532338308463
393,201506,56.36666666666667,65.06666666666666,49.06666666666667,13.537037037037036,6.0,14.684908789386402,-1.1478717523493653
394,201606,59.666666666666664,69.23333333333333,51.56666666666667,15.37037037037037,6.0,14.684908789386402,0.6854615809839686
395,201706,56.3,65.53333333333333,48.56666666666667,13.5,6.0,14.684908789386402,-1.1849087893864017
396,195207,61.214285714285715,69.77777777777777,51.7037037037037,16.23015873015873,7.0,17.283419391853126,-1.0532606616943951
397,195307,62.72,70.91304347826087,53.24,17.066666666666666,7.0,17.283419391853126,-0.21675272518645983
398,195407,62.464285714285715,70.57142857142857,54.57142857142857,16.924603174603174,7.0,17.283419391853126,-0.3588162172499523
399,195507,64.28,73.33333333333333,54.47826086956522,17.933333333333334,7.0,17.283419391853126,0.6499139414802073
400,195607,59.75,67.46153846153847,50.785714285714285,15.416666666666668,7.0,17.283419391853126,-1.8667527251864584
401,195707,64.1,72.57692307692308,54.96551724137931,17.833333333333332,7.0,17.283419391853126,0.5499139414802059
402,195807,59.61290322580645,67.45161290322581,50.724137931034484,15.340501792114695,7.0,17.283419391853126,-1.942917599738431
403,195907,64.09677419354838,74.29032258064517,52.12903225806452,17.83154121863799,7.0,17.283419391853126,0.5481218267848647
404,196007,64.51724137931035,71.41935483870968,55.87096774193548,18.06513409961686,7.0,17.283419391853126,0.781714707763733
405,196107,60.54838709677419,68.83870967741936,51.41935483870968,15.860215053763442,7.0,17.283419391853126,-1.4232043380896844
406,196207,58.32258064516129,66.64516129032258,50.16129032258065,14.623655913978494,7.0,17.283419391853126,-2.659763477874632
407,196307,62.38709677419355,70.45161290322581,53.225806451612904,16.881720430107528,7.0,17.283419391853126,-0.4016989617455984
408,196407,,70.2258064516129,51.61290322580645,,7.0,17.283419391853126,
409,196507,,66.0,48.70967741935484,,7.0,17.283419391853126,
410,196607,,73.2258064516129,54.96774193548387,,7.0,17.283419391853126,
411,196707,,71.80645161290323,51.67741935483871,,7.0,17.283419391853126,
412,196807,,67.87096774193549,51.193548387096776,,7.0,17.283419391853126,
413,196907,,71.7741935483871,52.96774193548387,,7.0,17.283419391853126,
414,197007,,69.61290322580645,54.61290322580645,,7.0,17.283419391853126,
415,197107,,71.38709677419355,52.935483870967744,,7.0,17.283419391853126,
416,197207,,75.96774193548387,58.41935483870968,,7.0,17.283419391853126,
417,197307,67.51612903225806,77.29032258064517,56.45161290322581,19.731182795698924,7.0,17.283419391853126,2.447763403845798
418,197407,60.25806451612903,67.12903225806451,53.354838709677416,15.698924731182796,7.0,17.283419391853126,-1.5844946606703303
419,197507,63.87096774193548,74.29032258064517,52.54838709677419,17.706093189964157,7.0,17.283419391853126,0.4226737981110311
420,197607,60.32258064516129,68.38709677419355,50.903225806451616,15.734767025089605,7.0,17.283419391853126,-1.5486523667635215
421,197707,58.74193548387097,65.54838709677419,50.903225806451616,14.85663082437276,7.0,17.283419391853126,-2.426788567480367
422,197807,59.225806451612904,67.96774193548387,50.03225806451613,15.125448028673834,7.0,17.283419391853126,-2.1579713631792927
423,197907,58.70967741935484,65.2258064516129,51.45161290322581,14.838709677419354,7.0,17.283419391853126,-2.444709714433772
424,198007,62.096774193548384,71.19354838709677,52.516129032258064,16.720430107526884,7.0,17.283419391853126,-0.5629892843262425
425,198107,61.806451612903224,69.64516129032258,55.0,16.559139784946236,7.0,17.283419391853126,-0.7242796069068902
426,198207,62.67741935483871,72.06451612903226,52.774193548387096,17.043010752688172,7.0,17.283419391853126,-0.24040863916495425
427,198307,64.03225806451613,73.45161290322581,54.225806451612904,17.79569892473118,7.0,17.283419391853126,0.5122795328780541
428,198407,59.29032258064516,67.7741935483871,51.70967741935484,15.161290322580646,7.0,17.283419391853126,-2.1221290692724804
429,198507,60.45161290322581,69.09677419354838,51.935483870967744,15.806451612903226,7.0,17.283419391853126,-1.4769677789499003
430,198607,62.87096774193548,71.93548387096774,53.45161290322581,17.1505376344086,7.0,17.283419391853126,-0.13288175744452602
431,198707,59.645161290322584,68.45161290322581,50.096774193548384,15.358422939068099,7.0,17.283419391853126,-1.9249964527850274
432,198807,67.58064516129032,76.6774193548387,57.54838709677419,19.76702508960573,7.0,17.283419391853126,2.483605697752605
433,198907,63.45161290322581,73.12903225806451,52.516129032258064,17.473118279569892,7.0,17.283419391853126,0.1896988877167658
434,199007,60.645161290322584,68.35483870967742,52.193548387096776,15.913978494623656,7.0,17.283419391853126,-1.3694408972294703
435,199107,63.903225806451616,73.19354838709677,53.87096774193548,17.724014336917563,7.0,17.283419391853126,0.4405949450644364
436,199207,62.25806451612903,72.3225806451613,52.193548387096776,16.810035842293907,7.0,17.283419391853126,-0.4733835495592196
437,199307,60.96774193548387,68.93548387096774,52.16129032258065,16.093189964157705,7.0,17.283419391853126,-1.1902294276954208
438,199407,67.87096774193549,78.41935483870968,55.193548387096776,19.928315412186382,7.0,17.283419391853126,2.644896020333256
439,199507,60.935483870967744,70.61290322580645,50.87096774193548,16.0752688172043,7.0,17.283419391853126,-1.2081505746488261
440,199607,58.54838709677419,66.70967741935483,51.03225806451613,14.74910394265233,7.0,17.283419391853126,-2.534315449200797
441,199707,65.45161290322581,74.83870967741936,55.67741935483871,18.584229390681003,7.0,17.283419391853126,1.3008099988278765
442,199807,61.354838709677416,69.2258064516129,53.645161290322584,16.308243727598565,7.0,17.283419391853126,-0.9751756642545608
443,199907,66.7741935483871,76.35483870967742,55.903225806451616,19.31899641577061,7.0,17.283419391853126,2.035577023917483
444,200007,62.54838709677419,70.16129032258064,55.096774193548384,16.97132616487455,7.0,17.283419391853126,-0.31209322697857544
445,200107,68.74193548387096,77.58064516129032,60.29032258064516,20.412186379928315,7.0,17.283419391853126,3.1287669880751885
446,200207,66.90322580645162,74.7741935483871,58.12903225806452,19.390681003584227,7.0,17.283419391853126,2.1072616117311007
447,200307,68.58064516129032,76.90322580645162,60.03225806451613,20.322580645161292,7.0,17.283419391853126,3.0391612533081656
448,200407,61.41935483870968,68.87096774193549,54.61290322580645,16.344086021505376,7.0,17.283419391853126,-0.9393333703477502
449,200507,66.06451612903226,75.3225806451613,56.96774193548387,18.924731182795696,7.0,17.283419391853126,1.64131179094257
450,200607,66.03225806451613,76.2258064516129,55.54838709677419,18.906810035842295,7.0,17.283419391853126,1.6233906439891683
451,200707,63.03225806451613,71.09677419354838,56.225806451612904,17.240143369175627,7.0,17.283419391853126,-0.043276022677499526
452,200807,62.70967741935484,71.70967741935483,54.41935483870968,17.060931899641577,7.0,17.283419391853126,-0.22248749221154895
453,200907,62.83870967741935,71.19354838709677,54.96774193548387,17.132616487455195,7.0,17.283419391853126,-0.15080290439793131
454,201007,72.19354838709677,81.58064516129032,62.903225806451616,22.32974910394265,7.0,17.283419391853126,5.046329712089523
455,201107,69.41935483870968,77.93548387096774,61.516129032258064,20.788530465949822,7.0,17.283419391853126,3.505111074096696
456,201207,64.2258064516129,72.41935483870968,56.96774193548387,17.903225806451612,7.0,17.283419391853126,0.6198064145984858
457,201307,64.45161290322581,73.64516129032258,56.29032258064516,18.02867383512545,7.0,17.283419391853126,0.7452544432723229
458,201407,67.96774193548387,78.16129032258064,58.58064516129032,19.982078853046595,7.0,17.283419391853126,2.6986594611934684
459,201507,60.935483870967744,69.06451612903226,53.935483870967744,16.0752688172043,7.0,17.283419391853126,-1.2081505746488261
460,201607,63.354838709677416,71.7741935483871,57.45161290322581,17.419354838709676,7.0,17.283419391853126,0.1359354468565499
461,201707,60.29032258064516,69.70967741935483,52.516129032258064,15.716845878136201,7.0,17.283419391853126,-1.566573513716925
462,195208,57.483870967741936,65.85185185185185,47.75,14.157706093189963,8.0,15.600609175709119,-1.4429030825191553
463,195308,59.206896551724135,67.0,52.2962962962963,15.114942528735632,8.0,15.600609175709119,-0.4856666469734865
464,195408,59.275862068965516,67.1923076923077,51.714285714285715,15.153256704980844,8.0,15.600609175709119,-0.44735247072827455
465,195508,64.25925925925925,75.07407407407408,51.666666666666664,17.921810699588477,8.0,15.600609175709119,2.321201523879358
466,195608,54.75,62.592592592592595,47.464285714285715,12.638888888888888,8.0,15.600609175709119,-2.9617202868202313
467,195708,59.645161290322584,67.6,51.833333333333336,15.358422939068099,8.0,15.600609175709119,-0.2421862366410199
468,195808,58.12903225806452,66.0,49.83870967741935,14.516129032258064,8.0,15.600609175709119,-1.0844801434510547
469,195908,62.53846153846154,72.51612903225806,52.096774193548384,16.965811965811966,8.0,15.600609175709119,1.3652027901028472
470,196008,59.193548387096776,67.2258064516129,51.29032258064516,15.10752688172043,8.0,15.600609175709119,-0.49308229398868875
471,196108,57.516129032258064,65.12903225806451,49.516129032258064,14.175627240143369,8.0,15.600609175709119,-1.42498193556575
472,196208,55.45161290322581,62.54838709677419,48.483870967741936,13.028673835125447,8.0,15.600609175709119,-2.5719353405836713
473,196308,61.41935483870968,68.93548387096774,53.38709677419355,16.344086021505376,8.0,15.600609175709119,0.7434768457962573
474,196408,,65.35483870967742,50.935483870967744,,8.0,15.600609175709119,
475,196508,,64.7741935483871,50.58064516129032,,8.0,15.600609175709119,
476,196608,,66.41935483870968,50.03225806451613,,8.0,15.600609175709119,
477,196708,,68.70967741935483,53.83870967741935,,8.0,15.600609175709119,
478,196808,,69.87096774193549,53.87096774193548,,8.0,15.600609175709119,
479,196908,,71.93548387096774,51.54838709677419,,8.0,15.600609175709119,
480,197008,,68.90322580645162,51.935483870967744,,8.0,15.600609175709119,
481,197108,,69.2258064516129,52.12903225806452,,8.0,15.600609175709119,
482,197208,,68.93548387096774,54.806451612903224,,8.0,15.600609175709119,
483,197308,58.83870967741935,68.51612903225806,48.74193548387097,14.910394265232975,8.0,15.600609175709119,-0.6902149104761435
484,197408,58.41935483870968,66.74193548387096,50.87096774193548,14.67741935483871,8.0,15.600609175709119,-0.9231898208704088
485,197508,61.45161290322581,70.70967741935483,51.58064516129032,16.36200716845878,8.0,15.600609175709119,0.7613979927496626
486,197608,59.645161290322584,69.35483870967742,48.806451612903224,15.358422939068099,8.0,15.600609175709119,-0.2421862366410199
487,197708,58.45161290322581,66.0,50.354838709677416,14.695340501792113,8.0,15.600609175709119,-0.9052686739170053
488,197808,56.38709677419355,64.03225806451613,49.096774193548384,13.548387096774194,8.0,15.600609175709119,-2.052222078934925
489,197908,60.96774193548387,68.3225806451613,53.064516129032256,16.093189964157705,8.0,15.600609175709119,0.49258078844858666
490,198008,58.61290322580645,66.93548387096774,51.54838709677419,14.78494623655914,8.0,15.600609175709119,-0.8156629391499788
491,198108,57.064516129032256,64.29032258064517,51.67741935483871,13.9247311827957,8.0,15.600609175709119,-1.6758779929134189
492,198208,60.193548387096776,69.03225806451613,52.25806451612903,15.663082437275985,8.0,15.600609175709119,0.06247326156686661
493,198308,60.193548387096776,70.09677419354838,50.645161290322584,15.663082437275985,8.0,15.600609175709119,0.06247326156686661
494,198408,58.83870967741935,67.38709677419355,50.70967741935484,14.910394265232975,8.0,15.600609175709119,-0.6902149104761435
495,198508,61.03225806451613,69.19354838709677,54.58064516129032,16.129032258064516,8.0,15.600609175709119,0.5284230823553973
496,198608,56.806451612903224,64.25806451612904,50.096774193548384,13.78136200716846,8.0,15.600609175709119,-1.8192471685406595
497,198708,54.54838709677419,61.54838709677419,48.193548387096776,12.526881720430106,8.0,15.600609175709119,-3.0737274552790126
498,198808,58.25806451612903,64.93548387096774,52.54838709677419,14.587813620071685,8.0,15.600609175709119,-1.0127955556374335
499,198908,57.83870967741935,65.87096774193549,49.41935483870968,14.35483870967742,8.0,15.600609175709119,-1.2457704660316988
500,199008,60.41935483870968,68.80645161290323,50.903225806451616,15.78853046594982,8.0,15.600609175709119,0.18792129024070192
501,199108,62.0,71.29032258064517,53.74193548387097,16.666666666666664,8.0,15.600609175709119,1.0660574909575455
502,199208,58.935483870967744,66.38709677419355,51.87096774193548,14.964157706093191,8.0,15.600609175709119,-0.6364514696159276
503,199308,56.54838709677419,63.61290322580645,49.67741935483871,13.637992831541219,8.0,15.600609175709119,-1.9626163441679
504,199408,60.064516129032256,68.74193548387096,51.645161290322584,15.591397849462364,8.0,15.600609175709119,-0.009211326246754581
505,199508,61.16129032258065,71.7741935483871,48.903225806451616,16.200716845878137,8.0,15.600609175709119,0.6001076701690184
506,199608,63.83870967741935,73.80645161290323,52.516129032258064,17.688172043010756,8.0,15.600609175709119,2.087562867301637
507,199708,65.35483870967742,75.0,54.774193548387096,18.53046594982079,8.0,15.600609175709119,2.9298567741116717
508,199808,56.774193548387096,63.483870967741936,50.774193548387096,13.763440860215052,8.0,15.600609175709119,-1.8371683154940666
509,199908,59.903225806451616,69.29032258064517,50.03225806451613,15.50179211469534,8.0,15.600609175709119,-0.0988170610137793
510,200008,60.0,68.58064516129032,51.41935483870968,15.555555555555555,8.0,15.600609175709119,-0.0450536201535634
511,200108,61.516129032258064,70.38709677419355,53.29032258064516,16.397849462365592,8.0,15.600609175709119,0.7972402866564732
512,200208,66.87096774193549,76.93548387096774,55.67741935483871,19.372759856630825,8.0,15.600609175709119,3.7721506809217065
513,200308,60.645161290322584,68.74193548387096,53.67741935483871,15.913978494623656,8.0,15.600609175709119,0.31336931891453723
514,200408,62.03225806451613,69.74193548387096,54.58064516129032,16.68458781362007,8.0,15.600609175709119,1.0839786379109508
515,200508,61.064516129032256,68.58064516129032,54.32258064516129,16.14695340501792,8.0,15.600609175709119,0.5463442293088026
516,200608,64.58064516129032,74.3225806451613,56.0,18.100358422939067,8.0,15.600609175709119,2.499749247229948
517,200708,62.87096774193548,71.7741935483871,55.32258064516129,17.1505376344086,8.0,15.600609175709119,1.5499284586994815
518,200808,58.645161290322584,65.25806451612904,53.45161290322581,14.802867383512543,8.0,15.600609175709119,-0.7977417921965753
519,200908,60.935483870967744,69.45161290322581,53.096774193548384,16.0752688172043,8.0,15.600609175709119,0.47465964149518136
520,201008,63.806451612903224,72.29032258064517,56.096774193548384,17.670250896057347,8.0,15.600609175709119,2.069641720348228
521,201108,62.29032258064516,70.3225806451613,55.32258064516129,16.827956989247312,8.0,15.600609175709119,1.2273478135381932
522,201208,59.516129032258064,67.96774193548387,52.74193548387097,15.28673835125448,8.0,15.600609175709119,-0.3138708244546393
523,201308,62.645161290322584,71.93548387096774,54.87096774193548,17.025089605734767,8.0,15.600609175709119,1.424480430025648
524,201408,63.12903225806452,71.12903225806451,56.03225806451613,17.293906810035843,8.0,15.600609175709119,1.6932976343267239
525,201508,62.064516129032256,73.19354838709677,52.645161290322584,16.702508960573475,8.0,15.600609175709119,1.1018997848643561
526,201608,60.61290322580645,67.51612903225806,54.74193548387097,15.89605734767025,8.0,15.600609175709119,0.29544817196113193
527,201708,60.29032258064516,68.06451612903226,53.774193548387096,15.716845878136201,8.0,15.600609175709119,0.1162367024270825
528,195209,47.23076923076923,53.68181818181818,40.0,8.461538461538462,9.0,10.595989480604866,-2.134451019066404
529,195309,49.370370370370374,57.57692307692308,42.84615384615385,9.650205761316872,9.0,10.595989480604866,-0.9457837192879932
530,195409,52.34615384615385,59.69230769230769,45.25,11.303418803418802,9.0,10.595989480604866,0.7074293228139368
531,195509,55.541666666666664,61.916666666666664,50.0,13.078703703703702,9.0,10.595989480604866,2.482714223098837
532,195609,47.214285714285715,56.357142857142854,39.52173913043478,8.452380952380953,9.0,10.595989480604866,-2.143608528223913
533,195709,48.86666666666667,54.758620689655174,43.77777777777778,9.37037037037037,9.0,10.595989480604866,-1.2256191102344953
534,195809,50.733333333333334,59.96296296296296,41.62068965517241,10.407407407407408,9.0,10.595989480604866,-0.18858207319745723
535,195909,47.86206896551724,56.2,39.2,8.812260536398467,9.0,10.595989480604866,-1.7837289442063984
536,196009,50.2,57.5,43.13333333333333,10.11111111111111,9.0,10.595989480604866,-0.48487836949375485
537,196109,49.5,57.333333333333336,41.333333333333336,9.722222222222223,9.0,10.595989480604866,-0.8737672583826424
538,196209,48.86666666666667,54.766666666666666,42.56666666666667,9.37037037037037,9.0,10.595989480604866,-1.2256191102344953
539,196309,54.733333333333334,61.96666666666667,47.0,12.629629629629628,9.0,10.595989480604866,2.0336401490247624
540,196409,,57.733333333333334,42.233333333333334,,9.0,10.595989480604866,
541,196509,,59.96666666666667,48.5,,9.0,10.595989480604866,
542,196609,,54.43333333333333,41.96666666666667,,9.0,10.595989480604866,
543,196709,,61.93333333333333,47.2,,9.0,10.595989480604866,
544,196809,,58.06666666666667,45.3,,9.0,10.595989480604866,
545,196909,,56.5,43.733333333333334,,9.0,10.595989480604866,
546,197009,,56.36666666666667,43.8,,9.0,10.595989480604866,
547,197109,,56.36666666666667,40.333333333333336,,9.0,10.595989480604866,
548,197209,,57.9,43.43333333333333,,9.0,10.595989480604866,
549,197309,44.43333333333333,50.833333333333336,38.4,6.907407407407407,9.0,10.595989480604866,-3.688582073197458
550,197409,54.0,60.8,47.13333333333333,12.222222222222223,9.0,10.595989480604866,1.6262327416173576
551,197509,55.166666666666664,62.46666666666667,47.733333333333334,12.87037037037037,9.0,10.595989480604866,2.2743808897655047
552,197609,46.733333333333334,54.93333333333333,38.6,8.185185185185185,9.0,10.595989480604866,-2.4108042954196804
553,197709,47.03333333333333,53.833333333333336,39.3,8.351851851851851,9.0,10.595989480604866,-2.2441376287530144
554,197809,47.1,53.233333333333334,42.06666666666667,8.38888888888889,9.0,10.595989480604866,-2.2071005917159763
555,197909,49.233333333333334,57.03333333333333,41.0,9.574074074074074,9.0,10.595989480604866,-1.0219154065307912
556,198009,51.46666666666667,58.63333333333333,45.333333333333336,10.814814814814815,9.0,10.595989480604866,0.21882533420994932
557,198109,50.5,57.166666666666664,43.7,10.277777777777777,9.0,10.595989480604866,-0.31821170282708877
558,198209,50.4,58.3,42.833333333333336,10.222222222222223,9.0,10.595989480604866,-0.37376725838264235
559,198309,52.5,59.43333333333333,46.4,11.388888888888888,9.0,10.595989480604866,0.792899408284022
560,198409,49.733333333333334,55.36666666666667,44.96666666666667,9.851851851851851,9.0,10.595989480604866,-0.7441376287530144
561,198509,48.53333333333333,56.63333333333333,41.833333333333336,9.185185185185185,9.0,10.595989480604866,-1.4108042954196804
562,198609,44.733333333333334,52.63333333333333,37.4,7.074074074074074,9.0,10.595989480604866,-3.521915406530791
563,198709,48.1,54.93333333333333,42.53333333333333,8.944444444444445,9.0,10.595989480604866,-1.651545036160421
564,198809,52.3,58.93333333333333,45.166666666666664,11.277777777777777,9.0,10.595989480604866,0.6817882971729112
565,198909,52.8,59.833333333333336,44.96666666666667,11.555555555555554,9.0,10.595989480604866,0.959566074950688
566,199009,47.666666666666664,53.63333333333333,41.53333333333333,8.703703703703702,9.0,10.595989480604866,-1.8922857769011632
567,199109,49.9,57.3,42.86666666666667,9.944444444444445,9.0,10.595989480604866,-0.6515450361604209
568,199209,53.63333333333333,60.1,47.43333333333333,12.018518518518517,9.0,10.595989480604866,1.4225290379136517
569,199309,43.7,52.1,36.0,6.5,9.0,10.595989480604866,-4.095989480604866
570,199409,52.06666666666667,58.36666666666667,45.833333333333336,11.148148148148149,9.0,10.595989480604866,0.5521586675432832
571,199509,51.7,59.46666666666667,44.8,10.944444444444445,9.0,10.595989480604866,0.3484549638395791
572,199609,47.93333333333333,55.93333333333333,40.56666666666667,8.851851851851851,9.0,10.595989480604866,-1.7441376287530144
573,199709,50.93333333333333,58.63333333333333,43.9,10.518518518518517,9.0,10.595989480604866,-0.0774709620863483
574,199809,53.06666666666667,59.766666666666666,46.63333333333333,11.703703703703702,9.0,10.595989480604866,1.1077142230988368
575,199909,55.266666666666666,64.2,45.93333333333333,12.925925925925926,9.0,10.595989480604866,2.32993644532106
576,200009,49.53333333333333,59.4,39.36666666666667,9.74074074074074,9.0,10.595989480604866,-0.8552487398641251
577,200109,53.86666666666667,60.46666666666667,47.733333333333334,12.148148148148149,9.0,10.595989480604866,1.5521586675432832
578,200209,52.166666666666664,61.333333333333336,43.833333333333336,11.203703703703702,9.0,10.595989480604866,0.6077142230988368
579,200309,52.7,61.266666666666666,44.86666666666667,11.5,9.0,10.595989480604866,0.9040105193951344
580,200409,54.06666666666667,60.03333333333333,49.0,12.25925925925926,9.0,10.595989480604866,1.663269778654394
581,200509,54.1,62.333333333333336,46.36666666666667,12.277777777777777,9.0,10.595989480604866,1.6817882971729112
582,200609,56.63333333333333,65.53333333333333,49.333333333333336,13.685185185185185,9.0,10.595989480604866,3.0891957045803196
583,200709,51.666666666666664,58.86666666666667,44.93333333333333,10.925925925925926,9.0,10.595989480604866,0.32993644532106003
584,200809,49.266666666666666,55.86666666666667,43.666666666666664,9.592592592592592,9.0,10.595989480604866,-1.003396888012274
585,200909,55.1,62.766666666666666,48.96666666666667,12.833333333333334,9.0,10.595989480604866,2.2373438527284684
586,201009,52.7,58.8,47.36666666666667,11.5,9.0,10.595989480604866,0.9040105193951344
587,201109,55.53333333333333,61.333333333333336,49.766666666666666,13.074074074074074,9.0,10.595989480604866,2.478084593469209
588,201209,53.166666666666664,59.333333333333336,47.93333333333333,11.75925925925926,9.0,10.595989480604866,1.163269778654394
589,201309,52.86666666666667,60.96666666666667,46.63333333333333,11.592592592592592,9.0,10.595989480604866,0.9966031119877261
590,201409,53.4,63.266666666666666,45.9,11.888888888888888,9.0,10.595989480604866,1.292899408284022
591,201509,54.56666666666667,61.766666666666666,48.666666666666664,12.537037037037036,9.0,10.595989480604866,1.9410475564321708
592,201609,54.4,62.9,47.5,12.444444444444445,9.0,10.595989480604866,1.848454963839579
593,201709,52.333333333333336,58.85,47.625,11.296296296296296,9.0,10.595989480604866,0.7003068156914303
594,195210,35.892857142857146,39.88,32.26086956521739,2.1626984126984126,10.0,5.4366925064599485,-3.273994093761536
595,195310,45.0,49.592592592592595,39.91304347826087,7.222222222222221,10.0,5.4366925064599485,1.785529715762273
596,195410,41.27272727272727,46.57142857142857,35.44444444444444,5.151515151515151,10.0,5.4366925064599485,-0.2851773549447971
597,195510,42.55555555555556,47.0,33.8421052631579,5.864197530864197,10.0,5.4366925064599485,0.4275050244042484
598,195610,40.03225806451613,45.333333333333336,33.04,4.46236559139785,10.0,5.4366925064599485,-0.9743269150620986
599,195710,42.172413793103445,46.74074074074074,36.92,5.6513409961685825,10.0,5.4366925064599485,0.21464848970863404
600,195810,43.0,47.93333333333333,38.392857142857146,6.111111111111112,10.0,5.4366925064599485,0.6744186046511631
601,195910,40.58064516129032,47.225806451612904,33.12903225806452,4.767025089605735,10.0,5.4366925064599485,-0.6696674168542138
602,196010,37.903225806451616,42.806451612903224,32.38709677419355,3.2795698924731185,10.0,5.4366925064599485,-2.15712261398683
603,196110,47.58064516129032,52.096774193548384,41.806451612903224,8.655913978494622,10.0,5.4366925064599485,3.2192214720346737
604,196210,44.225806451612904,49.83870967741935,38.645161290322584,6.792114695340501,10.0,5.4366925064599485,1.3554221888805529
605,196310,42.83870967741935,48.0,35.935483870967744,6.021505376344086,10.0,5.4366925064599485,0.5848128698841375
606,196410,,50.67741935483871,38.70967741935484,,10.0,5.4366925064599485,
607,196510,,48.16129032258065,35.87096774193548,,10.0,5.4366925064599485,
608,196610,,46.064516129032256,35.67741935483871,,10.0,5.4366925064599485,
609,196710,,51.354838709677416,42.225806451612904,,10.0,5.4366925064599485,
610,196810,,41.87096774193548,31.677419354838708,,10.0,5.4366925064599485,
611,196910,,46.774193548387096,36.38709677419355,,10.0,5.4366925064599485,
612,197010,,44.38709677419355,34.38709677419355,,10.0,5.4366925064599485,
613,197110,,46.12903225806452,33.70967741935484,,10.0,5.4366925064599485,
614,197210,,45.16129032258065,35.16129032258065,,10.0,5.4366925064599485,
615,197310,36.03225806451613,42.483870967741936,29.806451612903224,2.240143369175627,10.0,5.4366925064599485,-3.1965491372843213
616,197410,42.225806451612904,45.935483870967744,38.516129032258064,5.681003584229391,10.0,5.4366925064599485,0.24431107776944216
617,197510,40.67741935483871,47.29032258064516,34.38709677419355,4.82078853046595,10.0,5.4366925064599485,-0.6159039759939988
618,197610,35.064516129032256,40.45161290322581,28.580645161290324,1.7025089605734767,10.0,5.4366925064599485,-3.734183545886472
619,197710,41.645161290322584,45.45161290322581,36.41935483870968,5.358422939068101,10.0,5.4366925064599485,-0.07826956739184787
620,197810,39.12903225806452,45.774193548387096,30.967741935483872,3.9605734767025087,10.0,5.4366925064599485,-1.4761190297574398
621,197910,39.03225806451613,44.54838709677419,33.903225806451616,3.906810035842294,10.0,5.4366925064599485,-1.5298824706176544
622,198010,41.41935483870968,45.67741935483871,38.064516129032256,5.232974910394265,10.0,5.4366925064599485,-0.20371759606568318
623,198110,42.903225806451616,48.193548387096776,38.354838709677416,6.057347670250896,10.0,5.4366925064599485,0.6206551637909472
624,198210,40.87096774193548,46.61290322580645,35.16129032258065,4.92831541218638,10.0,5.4366925064599485,-0.5083770942735688
625,198310,42.516129032258064,47.774193548387096,36.516129032258064,5.842293906810036,10.0,5.4366925064599485,0.4056014003500872
626,198410,44.83870967741935,49.74193548387097,38.96774193548387,7.132616487455198,10.0,5.4366925064599485,1.695923980995249
627,198510,44.483870967741936,50.74193548387097,39.193548387096776,6.935483870967742,10.0,5.4366925064599485,1.4987913645077935
628,198610,42.193548387096776,47.25806451612903,37.25806451612903,5.663082437275985,10.0,5.4366925064599485,0.22638993081603687
629,198710,44.54838709677419,49.354838709677416,40.03225806451613,6.971326164874552,10.0,5.4366925064599485,1.5346336584146032
630,198810,40.29032258064516,47.67741935483871,33.25806451612903,4.60573476702509,10.0,5.4366925064599485,-0.8309577394348588
631,198910,41.645161290322584,46.70967741935484,36.45161290322581,5.358422939068101,10.0,5.4366925064599485,-0.07826956739184787
632,199010,41.61290322580645,46.645161290322584,36.41935483870968,5.340501792114695,10.0,5.4366925064599485,-0.09619071434525317
633,199110,42.54838709677419,47.903225806451616,37.87096774193548,5.860215053763441,10.0,5.4366925064599485,0.4235225473034925
634,199210,33.16129032258065,38.38709677419355,27.419354838709676,0.6451612903225805,10.0,5.4366925064599485,-4.791531216137368
635,199310,38.806451612903224,44.70967741935484,32.935483870967744,3.7813620071684584,10.0,5.4366925064599485,-1.6553304992914901
636,199410,40.74193548387097,46.354838709677416,35.58064516129032,4.856630824372759,10.0,5.4366925064599485,-0.5800616820871891
637,199510,46.483870967741936,51.54838709677419,41.064516129032256,8.046594982078853,10.0,5.4366925064599485,2.609902475618904
638,199610,44.193548387096776,49.03225806451613,39.096774193548384,6.774193548387097,10.0,5.4366925064599485,1.3375010419271485
639,199710,37.483870967741936,42.645161290322584,32.516129032258064,3.046594982078853,10.0,5.4366925064599485,-2.3900975243810954
640,199810,42.645161290322584,48.225806451612904,36.38709677419355,5.913978494623656,10.0,5.4366925064599485,0.4772859881637075
641,199910,44.354838709677416,48.645161290322584,39.645161290322584,6.863799283154122,10.0,5.4366925064599485,1.4271067766941732
642,200010,48.16129032258065,52.225806451612904,42.774193548387096,8.978494623655914,10.0,5.4366925064599485,3.5418021171959655
643,200110,46.645161290322584,51.12903225806452,41.61290322580645,8.13620071684588,10.0,5.4366925064599485,2.6995082103859307
644,200210,33.064516129032256,38.67741935483871,27.741935483870968,0.5913978494623655,10.0,5.4366925064599485,-4.8452946569975825
645,200310,38.38709677419355,43.45161290322581,33.38709677419355,3.5483870967741935,10.0,5.4366925064599485,-1.888305409685755
646,200410,42.096774193548384,47.61290322580645,37.225806451612904,5.60931899641577,10.0,5.4366925064599485,0.17262648995582186
647,200510,44.70967741935484,51.12903225806452,38.83870967741935,7.060931899641577,10.0,5.4366925064599485,1.6242393931816288
648,200610,45.74193548387097,50.61290322580645,40.74193548387097,7.634408602150537,10.0,5.4366925064599485,2.1977160956905886
649,200710,43.58064516129032,48.54838709677419,39.16129032258065,6.433691756272401,10.0,5.4366925064599485,0.9969992498124522
650,200810,46.806451612903224,51.67741935483871,41.903225806451616,8.225806451612904,10.0,5.4366925064599485,2.7891139451529554
651,200910,37.96774193548387,43.354838709677416,33.03225806451613,3.315412186379928,10.0,5.4366925064599485,-2.1212803200800203
652,201010,41.096774193548384,46.54838709677419,35.74193548387097,5.053763440860215,10.0,5.4366925064599485,-0.3829290655997335
653,201110,45.806451612903224,51.064516129032256,40.645161290322584,7.670250896057348,10.0,5.4366925064599485,2.233558389597399
654,201210,42.54838709677419,46.83870967741935,38.225806451612904,5.860215053763441,10.0,5.4366925064599485,0.4235225473034925
655,201310,43.83870967741935,49.96774193548387,37.935483870967744,6.577060931899641,10.0,5.4366925064599485,1.1403684254396929
656,201410,42.32258064516129,47.064516129032256,38.25806451612903,5.734767025089606,10.0,5.4366925064599485,0.29807451862965717
657,201510,41.32258064516129,49.483870967741936,34.70967741935484,5.179211469534049,10.0,5.4366925064599485,-0.2574810369258991
658,201610,40.096774193548384,45.064516129032256,35.806451612903224,4.498207885304659,10.0,5.4366925064599485,-0.9384846211552897
659,201710,48.25,51.0,45.0,9.027777777777779,10.0,5.4366925064599485,3.59108527131783
660,195211,27.714285714285715,31.043478260869566,24.68421052631579,-2.3809523809523805,11.0,0.6793478260869565,-3.060300207039337
661,195311,34.535714285714285,38.541666666666664,29.772727272727273,1.4087301587301586,11.0,0.6793478260869565,0.7293823326432021
662,195411,32.12,35.10526315789474,26.58823529411765,0.06666666666666674,11.0,0.6793478260869565,-0.6126811594202898
663,195511,29.958333333333332,34.4,23.2,-1.1342592592592593,11.0,0.6793478260869565,-1.8136070853462158
664,195611,23.782608695652176,26.529411764705884,17.41176470588235,-4.565217391304348,11.0,0.6793478260869565,-5.244565217391305
665,195711,33.48275862068966,37.285714285714285,28.94736842105263,0.8237547892720308,11.0,0.6793478260869565,0.1444069631850743
666,195811,37.733333333333334,41.80769230769231,32.86363636363637,3.185185185185185,11.0,0.6793478260869565,2.5058373590982286
667,195911,34.53333333333333,37.266666666666666,30.966666666666665,1.4074074074074074,11.0,0.6793478260869565,0.7280595813204509
668,196011,30.766666666666666,34.46666666666667,27.0,-0.6851851851851851,11.0,0.6793478260869565,-1.3645330112721417
669,196111,35.1,39.5,30.766666666666666,1.722222222222222,11.0,0.6793478260869565,1.0428743961352656
670,196211,34.7,38.233333333333334,31.366666666666667,1.5,11.0,0.6793478260869565,0.8206521739130435
671,196311,31.666666666666668,35.56666666666667,26.833333333333332,-0.1851851851851852,11.0,0.6793478260869565,-0.8645330112721418
672,196411,,35.7,25.8,,11.0,0.6793478260869565,
673,196511,,28.966666666666665,19.333333333333332,,11.0,0.6793478260869565,
674,196611,,38.46666666666667,31.866666666666667,,11.0,0.6793478260869565,
675,196711,,41.6,33.9,,11.0,0.6793478260869565,
676,196811,,32.9,26.3,,11.0,0.6793478260869565,
677,196911,,35.7,27.4,,11.0,0.6793478260869565,
678,197011,,34.6,26.0,,11.0,0.6793478260869565,
679,197111,,34.666666666666664,23.033333333333335,,11.0,0.6793478260869565,
680,197211,,36.56666666666667,29.5,,11.0,0.6793478260869565,
681,197311,26.533333333333335,31.666666666666668,19.6,-3.037037037037037,11.0,0.6793478260869565,-3.7163848631239937
682,197411,35.96666666666667,38.666666666666664,32.86666666666667,2.2037037037037037,11.0,0.6793478260869565,1.5243558776167472
683,197511,34.1,38.3,28.4,1.1666666666666667,11.0,0.6793478260869565,0.4873188405797102
684,197611,33.333333333333336,35.86666666666667,29.666666666666668,0.7407407407407406,11.0,0.6793478260869565,0.06139291465378405
685,197711,35.13333333333333,38.53333333333333,30.1,1.7407407407407407,11.0,0.6793478260869565,1.0613929146537842
686,197811,35.6,41.0,29.233333333333334,2.0,11.0,0.6793478260869565,1.3206521739130435
687,197911,34.5,38.166666666666664,30.8,1.3888888888888888,11.0,0.6793478260869565,0.7095410628019323
688,198011,27.566666666666666,33.06666666666667,21.5,-2.462962962962963,11.0,0.6793478260869565,-3.1423107890499193
689,198111,31.966666666666665,35.63333333333333,27.366666666666667,-0.018518518518518504,11.0,0.6793478260869565,-0.697866344605475
690,198211,38.4,42.266666666666666,33.43333333333333,3.555555555555556,11.0,0.6793478260869565,2.8762077294685993
691,198311,29.066666666666666,34.6,23.566666666666666,-1.6296296296296295,11.0,0.6793478260869565,-2.308977455716586
692,198411,34.13333333333333,37.4,30.666666666666668,1.185185185185185,11.0,0.6793478260869565,0.5058373590982284
693,198511,29.566666666666666,33.333333333333336,24.633333333333333,-1.3518518518518519,11.0,0.6793478260869565,-2.031199677938808
694,198611,38.63333333333333,41.93333333333333,33.53333333333333,3.685185185185185,11.0,0.6793478260869565,3.0058373590982286
695,198711,31.1,35.1,27.666666666666668,-0.5,11.0,0.6793478260869565,-1.1793478260869565
696,198811,26.266666666666666,31.766666666666666,19.366666666666667,-3.185185185185185,11.0,0.6793478260869565,-3.8645330112721417
697,198911,32.86666666666667,36.7,27.8,0.4814814814814816,11.0,0.6793478260869565,-0.19786634460547492
698,199011,30.233333333333334,35.06666666666667,24.1,-0.9814814814814814,11.0,0.6793478260869565,-1.660829307568438
699,199111,37.733333333333334,40.766666666666666,33.9,3.185185185185185,11.0,0.6793478260869565,2.5058373590982286
700,199211,29.633333333333333,33.96666666666667,25.233333333333334,-1.3148148148148147,11.0,0.6793478260869565,-1.9941626409017712
701,199311,26.533333333333335,30.0,22.866666666666667,-3.037037037037037,11.0,0.6793478260869565,-3.7163848631239937
702,199411,31.233333333333334,35.8,26.0,-0.4259259259259259,11.0,0.6793478260869565,-1.1052737520128824
703,199511,28.1,33.13333333333333,21.666666666666668,-2.1666666666666665,11.0,0.6793478260869565,-2.846014492753623
704,199611,38.13333333333333,41.86666666666667,33.7,3.4074074074074074,11.0,0.6793478260869565,2.728059581320451
705,199711,32.43333333333333,36.2,28.8,0.24074074074074073,11.0,0.6793478260869565,-0.43860708534621584
706,199811,26.033333333333335,29.5,21.566666666666666,-3.314814814814815,11.0,0.6793478260869565,-3.9941626409017714
707,199911,36.9,40.36666666666667,32.2,2.7222222222222223,11.0,0.6793478260869565,2.042874396135266
708,200011,40.4,42.96666666666667,36.7,4.666666666666667,11.0,0.6793478260869565,3.9873188405797104
709,200111,31.966666666666665,36.333333333333336,27.133333333333333,-0.018518518518518528,11.0,0.6793478260869565,-0.697866344605475
710,200211,27.0,30.6,22.733333333333334,-2.7777777777777777,11.0,0.6793478260869565,-3.457125603864734
711,200311,37.233333333333334,39.7,34.0,2.9074074074074074,11.0,0.6793478260869565,2.228059581320451
712,200411,31.5,36.36666666666667,25.266666666666666,-0.2777777777777778,11.0,0.6793478260869565,-0.9571256038647343
713,200511,38.53333333333333,41.86666666666667,34.63333333333333,3.6296296296296293,11.0,0.6793478260869565,2.9502818035426728
714,200611,34.96666666666667,38.233333333333334,30.266666666666666,1.6481481481481481,11.0,0.6793478260869565,0.9688003220611916
715,200711,32.13333333333333,36.3,28.133333333333333,0.07407407407407408,11.0,0.6793478260869565,-0.6052737520128825
716,200811,36.46666666666667,40.4,32.36666666666667,2.4814814814814814,11.0,0.6793478260869565,1.8021336553945249
717,200911,36.6,39.1,33.0,2.5555555555555554,11.0,0.6793478260869565,1.8762077294685988
718,201011,28.933333333333334,33.166666666666664,25.366666666666667,-1.7037037037037037,11.0,0.6793478260869565,-2.3830515297906603
719,201111,39.86666666666667,44.5,35.266666666666666,4.37037037037037,11.0,0.6793478260869565,3.6910225442834137
720,201211,37.833333333333336,41.1,33.7,3.240740740740741,11.0,0.6793478260869565,2.5613929146537844
721,201311,38.4,42.3,33.5,3.5555555555555554,11.0,0.6793478260869565,2.876207729468599
722,201411,36.166666666666664,38.833333333333336,33.3,2.314814814814815,11.0,0.6793478260869565,1.6354669887278583
723,201511,40.266666666666666,43.5,36.63333333333333,4.592592592592593,11.0,0.6793478260869565,3.913244766505636
724,201611,31.03448275862069,33.833333333333336,25.9,-0.5363984674329502,11.0,0.6793478260869565,-1.2157462935199068
725,195212,26.76,30.27777777777778,21.875,-2.911111111111111,12.0,-3.203886629220737,0.2927755181096261
726,195312,29.677419354838708,32.869565217391305,26.333333333333332,-1.2903225806451613,12.0,-3.203886629220737,1.9135640485755758
727,195412,31.857142857142858,35.26086956521739,30.4,-0.07936507936507933,12.0,-3.203886629220737,3.1245215498556576
728,195512,12.035714285714286,18.47826086956522,5.7894736842105265,-11.09126984126984,12.0,-3.203886629220737,-7.887383212049103
729,195612,27.586206896551722,31.714285714285715,25.529411764705884,-2.452107279693487,12.0,-3.203886629220737,0.7517793495272502
730,195712,28.35483870967742,31.954545454545453,22.92,-2.025089605734767,12.0,-3.203886629220737,1.17879702348597
731,195812,20.096774193548388,26.823529411764707,15.117647058823529,-6.612903225806452,12.0,-3.203886629220737,-3.409016596585715
732,195912,22.733333333333334,25.870967741935484,18.096774193548388,-5.148148148148148,12.0,-3.203886629220737,-1.9442615189274108
733,196012,31.419354838709676,34.29032258064516,28.516129032258064,-0.3225806451612903,12.0,-3.203886629220737,2.8813059840594466
734,196112,22.870967741935484,27.967741935483872,17.129032258064516,-5.07168458781362,12.0,-3.203886629220737,-1.8677979585928832
735,196212,19.741935483870968,24.677419354838708,14.193548387096774,-6.810035842293907,12.0,-3.203886629220737,-3.6061492130731696
736,196312,24.548387096774192,30.096774193548388,18.096774193548388,-4.139784946236559,12.0,-3.203886629220737,-0.9358983170158219
737,196412,,31.774193548387096,22.870967741935484,,12.0,-3.203886629220737,
738,196512,,28.548387096774192,21.580645161290324,,12.0,-3.203886629220737,
739,196612,,27.29032258064516,20.774193548387096,,12.0,-3.203886629220737,
740,196712,,20.225806451612904,7.0,,12.0,-3.203886629220737,
741,196812,,31.70967741935484,24.903225806451612,,12.0,-3.203886629220737,
742,196912,,23.806451612903224,14.612903225806452,,12.0,-3.203886629220737,
743,197012,,31.677419354838708,22.741935483870968,,12.0,-3.203886629220737,
744,197112,,32.935483870967744,21.612903225806452,,12.0,-3.203886629220737,
745,197212,,38.32258064516129,31.548387096774192,,12.0,-3.203886629220737,
746,197312,20.193548387096776,25.838709677419356,13.290322580645162,-6.559139784946237,12.0,-3.203886629220737,-3.3552531557255
747,197412,33.32258064516129,36.38709677419355,29.516129032258064,0.7347670250896057,12.0,-3.203886629220737,3.9386536543103428
748,197512,28.64516129032258,34.483870967741936,21.225806451612904,-1.863799283154122,12.0,-3.203886629220737,1.3400873460666152
749,197612,24.225806451612904,28.032258064516128,18.741935483870968,-4.318996415770609,12.0,-3.203886629220737,-1.1151097865498723
750,197712,25.161290322580644,30.06451612903226,19.06451612903226,-3.7992831541218637,12.0,-3.203886629220737,-0.5953965249011266
751,197812,9.03225806451613,15.580645161290322,1.8064516129032258,-12.759856630824371,12.0,-3.203886629220737,-9.555970001603635
752,197912,25.129032258064516,29.0,19.70967741935484,-3.8172043010752685,12.0,-3.203886629220737,-0.6133176718545315
753,198012,26.64516129032258,31.096774193548388,20.0,-2.9749103942652333,12.0,-3.203886629220737,0.2289762349555038
754,198112,21.06451612903226,26.06451612903226,14.96774193548387,-6.075268817204301,12.0,-3.203886629220737,-2.871382187983564
755,198212,31.677419354838708,35.096774193548384,27.032258064516128,-0.17921146953405018,12.0,-3.203886629220737,3.0246751596866868
756,198312,27.258064516129032,31.612903225806452,22.0,-2.6344086021505375,12.0,-3.203886629220737,0.5694780270701996
757,198412,28.483870967741936,31.193548387096776,25.483870967741936,-1.9534050179211468,12.0,-3.203886629220737,1.2504816112995902
758,198512,20.35483870967742,26.419354838709676,12.483870967741936,-6.469534050179211,12.0,-3.203886629220737,-3.2656474209584743
759,198612,19.322580645161292,25.0,12.67741935483871,-7.043010752688172,12.0,-3.203886629220737,-3.839124123467435
760,198712,23.516129032258064,30.096774193548388,17.161290322580644,-4.71326164874552,12.0,-3.203886629220737,-1.5093750195247826
761,198812,20.774193548387096,27.419354838709676,12.838709677419354,-6.236559139784947,12.0,-3.203886629220737,-3.03267251056421
762,198912,23.032258064516128,29.387096774193548,16.451612903225808,-4.982078853046595,12.0,-3.203886629220737,-1.7781922238258576
763,199012,30.161290322580644,34.16129032258065,25.483870967741936,-1.021505376344086,12.0,-3.203886629220737,2.182381252876651
764,199112,29.774193548387096,34.96774193548387,24.483870967741936,-1.2365591397849462,12.0,-3.203886629220737,1.9673274894357908
765,199212,32.806451612903224,36.064516129032256,28.70967741935484,0.44802867383512546,12.0,-3.203886629220737,3.6519153030558624
766,199312,26.677419354838708,29.612903225806452,22.419354838709676,-2.956989247311828,12.0,-3.203886629220737,0.24689738190890909
767,199412,31.129032258064516,34.03225806451613,27.322580645161292,-0.48387096774193544,12.0,-3.203886629220737,2.7200156614788016
768,199512,17.580645161290324,24.677419354838708,10.838709677419354,-8.010752688172044,12.0,-3.203886629220737,-4.806866058951307
769,199612,22.838709677419356,28.06451612903226,17.35483870967742,-5.089605734767025,12.0,-3.203886629220737,-1.8857191055462876
770,199712,26.0,29.93548387096774,20.774193548387096,-3.333333333333333,12.0,-3.203886629220737,-0.12944670411259596
771,199812,28.419354838709676,31.70967741935484,24.193548387096776,-1.989247311827957,12.0,-3.203886629220737,1.21463931739278
772,199912,28.258064516129032,32.74193548387097,22.70967741935484,-2.078853046594982,12.0,-3.203886629220737,1.125033582625755
773,200012,34.25806451612903,37.483870967741936,30.161290322580644,1.254480286738351,12.0,-3.203886629220737,4.458366915959088
774,200112,19.29032258064516,24.161290322580644,13.806451612903226,-7.060931899641577,12.0,-3.203886629220737,-3.85704527042084
775,200212,17.225806451612904,22.258064516129032,12.35483870967742,-8.207885304659497,12.0,-3.203886629220737,-5.00399867543876
776,200312,30.258064516129032,35.225806451612904,24.258064516129032,-0.967741935483871,12.0,-3.203886629220737,2.236144693736866
777,200412,31.193548387096776,35.54838709677419,25.64516129032258,-0.4480286738351254,12.0,-3.203886629220737,2.7558579553856117
778,200512,25.903225806451612,29.516129032258064,21.096774193548388,-3.3870967741935485,12.0,-3.203886629220737,-0.1832101449728114
779,200612,37.903225806451616,40.54838709677419,32.354838709677416,3.279569892473118,12.0,-3.203886629220737,6.483456521693855
780,200712,34.96774193548387,37.774193548387096,31.451612903225808,1.6487455197132617,12.0,-3.203886629220737,4.852632148933999
781,200812,32.774193548387096,35.354838709677416,30.129032258064516,0.4301075268817204,12.0,-3.203886629220737,3.6339941561024576
782,200912,22.387096774193548,26.870967741935484,17.612903225806452,-5.340501792114695,12.0,-3.203886629220737,-2.1366151628939583
783,201012,16.032258064516128,20.64516129032258,10.129032258064516,-8.870967741935484,12.0,-3.203886629220737,-5.667081112714747
784,201112,35.935483870967744,39.03225806451613,31.93548387096774,2.186379928315412,12.0,-3.203886629220737,5.390266557536149
785,201212,20.06451612903226,24.096774193548388,15.548387096774194,-6.630824372759856,12.0,-3.203886629220737,-3.4269377435391193
786,201312,34.45161290322581,37.935483870967744,30.161290322580644,1.3620071684587811,12.0,-3.203886629220737,4.565893797679518
787,201412,29.93548387096774,33.58064516129032,23.838709677419356,-1.146953405017921,12.0,-3.203886629220737,2.056933224202816
788,201512,35.96774193548387,40.225806451612904,30.322580645161292,2.204301075268817,12.0,-3.203886629220737,5.4081877044895545
789,201612,30.580645161290324,34.54838709677419,25.838709677419356,-0.7885304659498209,12.0,-3.203886629220737,2.415356163270916
